session_index,block_index,mode,client_count,clients_recording,calls_before,calls_after,trace_records,backend_pid_sha256
1,1,off,32,0,0,0,0,fb96d6d7b30945f47e194d1901c92f350fcb23531502e10f90bd8767463588a7
1,2,stats,32,32,31972,1765681,0,fb96d6d7b30945f47e194d1901c92f350fcb23531502e10f90bd8767463588a7
1,3,stats,32,32,58046258,59774856,0,fb96d6d7b30945f47e194d1901c92f350fcb23531502e10f90bd8767463588a7
1,4,off,32,0,0,0,0,fb96d6d7b30945f47e194d1901c92f350fcb23531502e10f90bd8767463588a7
1,5,off,32,0,0,0,0,fb96d6d7b30945f47e194d1901c92f350fcb23531502e10f90bd8767463588a7
1,6,trace,32,32,228968,1964189,48424,fb96d6d7b30945f47e194d1901c92f350fcb23531502e10f90bd8767463588a7
1,7,trace,32,32,58191624,59974651,48392,fb96d6d7b30945f47e194d1901c92f350fcb23531502e10f90bd8767463588a7
1,8,off,32,0,0,0,0,fb96d6d7b30945f47e194d1901c92f350fcb23531502e10f90bd8767463588a7
2,1,off,32,0,0,0,0,c0e5c9908c3915b684057557bbbdfd76b844c6b30d3e990c55bef71194b2821a
2,2,stats,32,32,33838,1782562,0,c0e5c9908c3915b684057557bbbdfd76b844c6b30d3e990c55bef71194b2821a
2,3,stats,32,32,58686768,60429648,0,c0e5c9908c3915b684057557bbbdfd76b844c6b30d3e990c55bef71194b2821a
2,4,off,32,0,0,0,0,c0e5c9908c3915b684057557bbbdfd76b844c6b30d3e990c55bef71194b2821a
2,5,off,32,0,0,0,0,c0e5c9908c3915b684057557bbbdfd76b844c6b30d3e990c55bef71194b2821a
2,6,trace,32,32,230571,1982422,48424,c0e5c9908c3915b684057557bbbdfd76b844c6b30d3e990c55bef71194b2821a
2,7,trace,32,32,58842204,60642133,48423,c0e5c9908c3915b684057557bbbdfd76b844c6b30d3e990c55bef71194b2821a
2,8,off,32,0,0,0,0,c0e5c9908c3915b684057557bbbdfd76b844c6b30d3e990c55bef71194b2821a
3,1,off,32,0,0,0,0,7ca9bf7204579e6ee31407ba06e86fa276dde72dc7f6fc065e97694453ce50b5
3,2,stats,32,32,32510,1789793,0,7ca9bf7204579e6ee31407ba06e86fa276dde72dc7f6fc065e97694453ce50b5
3,3,stats,32,32,58980457,60740522,0,7ca9bf7204579e6ee31407ba06e86fa276dde72dc7f6fc065e97694453ce50b5
3,4,off,32,0,0,0,0,7ca9bf7204579e6ee31407ba06e86fa276dde72dc7f6fc065e97694453ce50b5
3,5,off,32,0,0,0,0,7ca9bf7204579e6ee31407ba06e86fa276dde72dc7f6fc065e97694453ce50b5
3,6,trace,32,32,232875,1995484,48413,7ca9bf7204579e6ee31407ba06e86fa276dde72dc7f6fc065e97694453ce50b5
3,7,trace,32,32,59176548,60990684,48424,7ca9bf7204579e6ee31407ba06e86fa276dde72dc7f6fc065e97694453ce50b5
3,8,off,32,0,0,0,0,7ca9bf7204579e6ee31407ba06e86fa276dde72dc7f6fc065e97694453ce50b5
4,1,off,32,0,0,0,0,1f189df36aebda4e81f904a9d9037830fc372a950eab990455f8313b80622149
4,2,stats,32,32,32704,1757655,0,1f189df36aebda4e81f904a9d9037830fc372a950eab990455f8313b80622149
4,3,stats,32,32,57790505,59514043,0,1f189df36aebda4e81f904a9d9037830fc372a950eab990455f8313b80622149
4,4,off,32,0,0,0,0,1f189df36aebda4e81f904a9d9037830fc372a950eab990455f8313b80622149
4,5,off,32,0,0,0,0,1f189df36aebda4e81f904a9d9037830fc372a950eab990455f8313b80622149
4,6,trace,32,32,226857,1953010,48379,1f189df36aebda4e81f904a9d9037830fc372a950eab990455f8313b80622149
4,7,trace,32,32,58038426,59817477,48467,1f189df36aebda4e81f904a9d9037830fc372a950eab990455f8313b80622149
4,8,off,32,0,0,0,0,1f189df36aebda4e81f904a9d9037830fc372a950eab990455f8313b80622149
5,1,off,32,0,0,0,0,2b27a39b31085f65d8ccb833ac62e87f965eeb6467302dec8d6beec120a5cd3d
5,2,stats,32,32,30799,1676712,0,2b27a39b31085f65d8ccb833ac62e87f965eeb6467302dec8d6beec120a5cd3d
5,3,stats,32,32,53706720,55304074,0,2b27a39b31085f65d8ccb833ac62e87f965eeb6467302dec8d6beec120a5cd3d
5,4,off,32,0,0,0,0,2b27a39b31085f65d8ccb833ac62e87f965eeb6467302dec8d6beec120a5cd3d
5,5,off,32,0,0,0,0,2b27a39b31085f65d8ccb833ac62e87f965eeb6467302dec8d6beec120a5cd3d
5,6,trace,32,32,213598,1819639,48417,2b27a39b31085f65d8ccb833ac62e87f965eeb6467302dec8d6beec120a5cd3d
5,7,trace,32,32,53853532,55508375,48395,2b27a39b31085f65d8ccb833ac62e87f965eeb6467302dec8d6beec120a5cd3d
5,8,off,32,0,0,0,0,2b27a39b31085f65d8ccb833ac62e87f965eeb6467302dec8d6beec120a5cd3d
6,1,off,32,0,0,0,0,1e84d26aa6a9ece8cb223e02c7c7a20432c4a2e39fc7c559544e6ba0a516c21b
6,2,stats,32,32,33744,1706515,0,1e84d26aa6a9ece8cb223e02c7c7a20432c4a2e39fc7c559544e6ba0a516c21b
6,3,stats,32,32,55985106,57654015,0,1e84d26aa6a9ece8cb223e02c7c7a20432c4a2e39fc7c559544e6ba0a516c21b
6,4,off,32,0,0,0,0,1e84d26aa6a9ece8cb223e02c7c7a20432c4a2e39fc7c559544e6ba0a516c21b
6,5,off,32,0,0,0,0,1e84d26aa6a9ece8cb223e02c7c7a20432c4a2e39fc7c559544e6ba0a516c21b
6,6,trace,32,32,213738,1838014,48423,1e84d26aa6a9ece8cb223e02c7c7a20432c4a2e39fc7c559544e6ba0a516c21b
6,7,trace,32,32,54405623,56078095,48449,1e84d26aa6a9ece8cb223e02c7c7a20432c4a2e39fc7c559544e6ba0a516c21b
6,8,off,32,0,0,0,0,1e84d26aa6a9ece8cb223e02c7c7a20432c4a2e39fc7c559544e6ba0a516c21b
7,1,off,32,0,0,0,0,19de5e87032c7e5101c63ae2639e100cca44bda05ead762b1396e416d70090b9
7,2,trace,32,32,228085,1954345,48431,19de5e87032c7e5101c63ae2639e100cca44bda05ead762b1396e416d70090b9
7,3,trace,32,32,58051464,59831543,48417,19de5e87032c7e5101c63ae2639e100cca44bda05ead762b1396e416d70090b9
7,4,off,32,0,0,0,0,19de5e87032c7e5101c63ae2639e100cca44bda05ead762b1396e416d70090b9
7,5,off,32,0,0,0,0,19de5e87032c7e5101c63ae2639e100cca44bda05ead762b1396e416d70090b9
7,6,stats,32,32,33385,1703152,0,19de5e87032c7e5101c63ae2639e100cca44bda05ead762b1396e416d70090b9
7,7,stats,32,32,55912576,57583062,0,19de5e87032c7e5101c63ae2639e100cca44bda05ead762b1396e416d70090b9
7,8,off,32,0,0,0,0,19de5e87032c7e5101c63ae2639e100cca44bda05ead762b1396e416d70090b9
8,1,off,32,0,0,0,0,90750d279f0b8a828bcda34785167a118cad5badf42df0c645832fd0b4c41abc
8,2,trace,32,32,221801,1895085,48392,90750d279f0b8a828bcda34785167a118cad5badf42df0c645832fd0b4c41abc
8,3,trace,32,32,56289702,58018066,48410,90750d279f0b8a828bcda34785167a118cad5badf42df0c645832fd0b4c41abc
8,4,off,32,0,0,0,0,90750d279f0b8a828bcda34785167a118cad5badf42df0c645832fd0b4c41abc
8,5,off,32,0,0,0,0,90750d279f0b8a828bcda34785167a118cad5badf42df0c645832fd0b4c41abc
8,6,stats,32,32,33445,1634718,0,90750d279f0b8a828bcda34785167a118cad5badf42df0c645832fd0b4c41abc
8,7,stats,32,32,53718455,55324774,0,90750d279f0b8a828bcda34785167a118cad5badf42df0c645832fd0b4c41abc
8,8,off,32,0,0,0,0,90750d279f0b8a828bcda34785167a118cad5badf42df0c645832fd0b4c41abc
9,1,off,32,0,0,0,0,33c2a6cb3c14884f6b897911a158ad7151fbb55d3601dc08c5e34a7b9fc6c362
9,2,stats,32,32,33783,1775216,0,33c2a6cb3c14884f6b897911a158ad7151fbb55d3601dc08c5e34a7b9fc6c362
9,3,stats,32,32,58370859,60110755,0,33c2a6cb3c14884f6b897911a158ad7151fbb55d3601dc08c5e34a7b9fc6c362
9,4,off,32,0,0,0,0,33c2a6cb3c14884f6b897911a158ad7151fbb55d3601dc08c5e34a7b9fc6c362
9,5,off,32,0,0,0,0,33c2a6cb3c14884f6b897911a158ad7151fbb55d3601dc08c5e34a7b9fc6c362
9,6,trace,32,32,231322,1966740,48445,33c2a6cb3c14884f6b897911a158ad7151fbb55d3601dc08c5e34a7b9fc6c362
9,7,trace,32,32,57074517,58821840,48400,33c2a6cb3c14884f6b897911a158ad7151fbb55d3601dc08c5e34a7b9fc6c362
9,8,off,32,0,0,0,0,33c2a6cb3c14884f6b897911a158ad7151fbb55d3601dc08c5e34a7b9fc6c362
10,1,off,32,0,0,0,0,f6f657e2df680a2d965cc5a90ac76bcdcc4d90a446aa44a77c3d79fbfdf3f791
10,2,stats,32,32,31145,1665575,0,f6f657e2df680a2d965cc5a90ac76bcdcc4d90a446aa44a77c3d79fbfdf3f791
10,3,stats,32,32,54781231,56414473,0,f6f657e2df680a2d965cc5a90ac76bcdcc4d90a446aa44a77c3d79fbfdf3f791
10,4,off,32,0,0,0,0,f6f657e2df680a2d965cc5a90ac76bcdcc4d90a446aa44a77c3d79fbfdf3f791
10,5,off,32,0,0,0,0,f6f657e2df680a2d965cc5a90ac76bcdcc4d90a446aa44a77c3d79fbfdf3f791
10,6,trace,32,32,221776,1862113,48431,f6f657e2df680a2d965cc5a90ac76bcdcc4d90a446aa44a77c3d79fbfdf3f791
10,7,trace,32,32,55042805,56729876,48417,f6f657e2df680a2d965cc5a90ac76bcdcc4d90a446aa44a77c3d79fbfdf3f791
10,8,off,32,0,0,0,0,f6f657e2df680a2d965cc5a90ac76bcdcc4d90a446aa44a77c3d79fbfdf3f791
11,1,off,32,0,0,0,0,d3e18adb7456888ea77b637cd940026f84b15050bddc122df8fedca9bdf98d72
11,2,trace,32,32,230970,1978040,48399,d3e18adb7456888ea77b637cd940026f84b15050bddc122df8fedca9bdf98d72
11,3,trace,32,32,58705367,60503594,48415,d3e18adb7456888ea77b637cd940026f84b15050bddc122df8fedca9bdf98d72
11,4,off,32,0,0,0,0,d3e18adb7456888ea77b637cd940026f84b15050bddc122df8fedca9bdf98d72
11,5,off,32,0,0,0,0,d3e18adb7456888ea77b637cd940026f84b15050bddc122df8fedca9bdf98d72
11,6,stats,32,32,34646,1778231,0,d3e18adb7456888ea77b637cd940026f84b15050bddc122df8fedca9bdf98d72
11,7,stats,32,32,58351280,60088124,0,d3e18adb7456888ea77b637cd940026f84b15050bddc122df8fedca9bdf98d72
11,8,off,32,0,0,0,0,d3e18adb7456888ea77b637cd940026f84b15050bddc122df8fedca9bdf98d72
12,1,off,32,0,0,0,0,c122d2fab9d6b17c58afa2781e5e8dd6aa9a3f17fe322f6e6615d5faf1314b9d
12,2,trace,32,32,232071,1987679,48403,c122d2fab9d6b17c58afa2781e5e8dd6aa9a3f17fe322f6e6615d5faf1314b9d
12,3,trace,32,32,58907757,60710315,48412,c122d2fab9d6b17c58afa2781e5e8dd6aa9a3f17fe322f6e6615d5faf1314b9d
12,4,off,32,0,0,0,0,c122d2fab9d6b17c58afa2781e5e8dd6aa9a3f17fe322f6e6615d5faf1314b9d
12,5,off,32,0,0,0,0,c122d2fab9d6b17c58afa2781e5e8dd6aa9a3f17fe322f6e6615d5faf1314b9d
12,6,stats,32,32,35562,1783085,0,c122d2fab9d6b17c58afa2781e5e8dd6aa9a3f17fe322f6e6615d5faf1314b9d
12,7,stats,32,32,58580708,60329745,0,c122d2fab9d6b17c58afa2781e5e8dd6aa9a3f17fe322f6e6615d5faf1314b9d
12,8,off,32,0,0,0,0,c122d2fab9d6b17c58afa2781e5e8dd6aa9a3f17fe322f6e6615d5faf1314b9d
13,1,off,32,0,0,0,0,f235003a520b2748afb9d846b62fab7db79616b5f3ae2993a079db5319b4cb9f
13,2,stats,32,32,33296,1747905,0,f235003a520b2748afb9d846b62fab7db79616b5f3ae2993a079db5319b4cb9f
13,3,stats,32,32,57406632,59118970,0,f235003a520b2748afb9d846b62fab7db79616b5f3ae2993a079db5319b4cb9f
13,4,off,32,0,0,0,0,f235003a520b2748afb9d846b62fab7db79616b5f3ae2993a079db5319b4cb9f
13,5,off,32,0,0,0,0,f235003a520b2748afb9d846b62fab7db79616b5f3ae2993a079db5319b4cb9f
13,6,trace,32,32,225707,1938318,48444,f235003a520b2748afb9d846b62fab7db79616b5f3ae2993a079db5319b4cb9f
13,7,trace,32,32,57521762,59287651,48437,f235003a520b2748afb9d846b62fab7db79616b5f3ae2993a079db5319b4cb9f
13,8,off,32,0,0,0,0,f235003a520b2748afb9d846b62fab7db79616b5f3ae2993a079db5319b4cb9f
14,1,off,32,0,0,0,0,e88c69a954ede06e663d64f6614336915fce835bcd1f951eac638ae4c26a6c8b
14,2,stats,32,32,32634,1722917,0,e88c69a954ede06e663d64f6614336915fce835bcd1f951eac638ae4c26a6c8b
14,3,stats,32,32,56716317,58408429,0,e88c69a954ede06e663d64f6614336915fce835bcd1f951eac638ae4c26a6c8b
14,4,off,32,0,0,0,0,e88c69a954ede06e663d64f6614336915fce835bcd1f951eac638ae4c26a6c8b
14,5,off,32,0,0,0,0,e88c69a954ede06e663d64f6614336915fce835bcd1f951eac638ae4c26a6c8b
14,6,trace,32,32,225596,1920953,48418,e88c69a954ede06e663d64f6614336915fce835bcd1f951eac638ae4c26a6c8b
14,7,trace,32,32,56953206,58704360,48402,e88c69a954ede06e663d64f6614336915fce835bcd1f951eac638ae4c26a6c8b
14,8,off,32,0,0,0,0,e88c69a954ede06e663d64f6614336915fce835bcd1f951eac638ae4c26a6c8b
15,1,off,32,0,0,0,0,19189c51bbc34f596b83729d108a33ff07fd3c755749d0a6d8dcec92c04f2ef2
15,2,trace,32,32,224282,1935615,48426,19189c51bbc34f596b83729d108a33ff07fd3c755749d0a6d8dcec92c04f2ef2
15,3,trace,32,32,56795773,58527443,48416,19189c51bbc34f596b83729d108a33ff07fd3c755749d0a6d8dcec92c04f2ef2
15,4,off,32,0,0,0,0,19189c51bbc34f596b83729d108a33ff07fd3c755749d0a6d8dcec92c04f2ef2
15,5,off,32,0,0,0,0,19189c51bbc34f596b83729d108a33ff07fd3c755749d0a6d8dcec92c04f2ef2
15,6,stats,32,32,34556,1713992,0,19189c51bbc34f596b83729d108a33ff07fd3c755749d0a6d8dcec92c04f2ef2
15,7,stats,32,32,56318527,58001674,0,19189c51bbc34f596b83729d108a33ff07fd3c755749d0a6d8dcec92c04f2ef2
15,8,off,32,0,0,0,0,19189c51bbc34f596b83729d108a33ff07fd3c755749d0a6d8dcec92c04f2ef2
16,1,off,32,0,0,0,0,2f2610a2559950719583d112fe438e9ba686155570644287b8ee6b78ce92c4bc
16,2,trace,32,32,223488,1921987,48396,2f2610a2559950719583d112fe438e9ba686155570644287b8ee6b78ce92c4bc
16,3,trace,32,32,57061020,58819666,48426,2f2610a2559950719583d112fe438e9ba686155570644287b8ee6b78ce92c4bc
16,4,off,32,0,0,0,0,2f2610a2559950719583d112fe438e9ba686155570644287b8ee6b78ce92c4bc
16,5,off,32,0,0,0,0,2f2610a2559950719583d112fe438e9ba686155570644287b8ee6b78ce92c4bc
16,6,stats,32,32,34042,1690105,0,2f2610a2559950719583d112fe438e9ba686155570644287b8ee6b78ce92c4bc
16,7,stats,32,32,55508520,57165299,0,2f2610a2559950719583d112fe438e9ba686155570644287b8ee6b78ce92c4bc
16,8,off,32,0,0,0,0,2f2610a2559950719583d112fe438e9ba686155570644287b8ee6b78ce92c4bc
17,1,off,32,0,0,0,0,b2fc295bb22f29d3af5644fb7fa1fe91ef2ee1c2f207bf052cc48083d2994691
17,2,stats,32,32,33266,1748595,0,b2fc295bb22f29d3af5644fb7fa1fe91ef2ee1c2f207bf052cc48083d2994691
17,3,stats,32,32,57600284,59316166,0,b2fc295bb22f29d3af5644fb7fa1fe91ef2ee1c2f207bf052cc48083d2994691
17,4,off,32,0,0,0,0,b2fc295bb22f29d3af5644fb7fa1fe91ef2ee1c2f207bf052cc48083d2994691
17,5,off,32,0,0,0,0,b2fc295bb22f29d3af5644fb7fa1fe91ef2ee1c2f207bf052cc48083d2994691
17,6,trace,32,32,226878,1942383,48438,b2fc295bb22f29d3af5644fb7fa1fe91ef2ee1c2f207bf052cc48083d2994691
17,7,trace,32,32,57662271,59427863,48413,b2fc295bb22f29d3af5644fb7fa1fe91ef2ee1c2f207bf052cc48083d2994691
17,8,off,32,0,0,0,0,b2fc295bb22f29d3af5644fb7fa1fe91ef2ee1c2f207bf052cc48083d2994691
18,1,off,32,0,0,0,0,cba4587e214a6e0c1fa48c9dfabb7f91490954144406a6f8c839c81c5479b521
18,2,stats,32,32,34068,1764701,0,cba4587e214a6e0c1fa48c9dfabb7f91490954144406a6f8c839c81c5479b521
18,3,stats,32,32,58042577,59773644,0,cba4587e214a6e0c1fa48c9dfabb7f91490954144406a6f8c839c81c5479b521
18,4,off,32,0,0,0,0,cba4587e214a6e0c1fa48c9dfabb7f91490954144406a6f8c839c81c5479b521
18,5,off,32,0,0,0,0,cba4587e214a6e0c1fa48c9dfabb7f91490954144406a6f8c839c81c5479b521
18,6,trace,32,32,223109,1893956,48422,cba4587e214a6e0c1fa48c9dfabb7f91490954144406a6f8c839c81c5479b521
18,7,trace,32,32,56265173,57993003,48398,cba4587e214a6e0c1fa48c9dfabb7f91490954144406a6f8c839c81c5479b521
18,8,off,32,0,0,0,0,cba4587e214a6e0c1fa48c9dfabb7f91490954144406a6f8c839c81c5479b521
19,1,off,32,0,0,0,0,28fe5a431bc5f9dda687116bc8c2cd52c10c840f96772ad9427d8a18e56b7ae0
19,2,stats,32,32,33918,1659434,0,28fe5a431bc5f9dda687116bc8c2cd52c10c840f96772ad9427d8a18e56b7ae0
19,3,stats,32,32,54541128,56167052,0,28fe5a431bc5f9dda687116bc8c2cd52c10c840f96772ad9427d8a18e56b7ae0
19,4,off,32,0,0,0,0,28fe5a431bc5f9dda687116bc8c2cd52c10c840f96772ad9427d8a18e56b7ae0
19,5,off,32,0,0,0,0,28fe5a431bc5f9dda687116bc8c2cd52c10c840f96772ad9427d8a18e56b7ae0
19,6,trace,32,32,219228,1857893,48408,28fe5a431bc5f9dda687116bc8c2cd52c10c840f96772ad9427d8a18e56b7ae0
19,7,trace,32,32,54263748,55922896,48384,28fe5a431bc5f9dda687116bc8c2cd52c10c840f96772ad9427d8a18e56b7ae0
19,8,off,32,0,0,0,0,28fe5a431bc5f9dda687116bc8c2cd52c10c840f96772ad9427d8a18e56b7ae0
20,1,off,32,0,0,0,0,6b02d368c3010212a9bc76fb908de85e5ece27189666116a70ec587ed12fcc9a
20,2,stats,32,32,32861,1735683,0,6b02d368c3010212a9bc76fb908de85e5ece27189666116a70ec587ed12fcc9a
20,3,stats,32,32,57014058,58712152,0,6b02d368c3010212a9bc76fb908de85e5ece27189666116a70ec587ed12fcc9a
20,4,off,32,0,0,0,0,6b02d368c3010212a9bc76fb908de85e5ece27189666116a70ec587ed12fcc9a
20,5,off,32,0,0,0,0,6b02d368c3010212a9bc76fb908de85e5ece27189666116a70ec587ed12fcc9a
20,6,trace,32,32,225676,1934371,48425,6b02d368c3010212a9bc76fb908de85e5ece27189666116a70ec587ed12fcc9a
20,7,trace,32,32,57269130,59019880,48413,6b02d368c3010212a9bc76fb908de85e5ece27189666116a70ec587ed12fcc9a
20,8,off,32,0,0,0,0,6b02d368c3010212a9bc76fb908de85e5ece27189666116a70ec587ed12fcc9a
21,1,off,32,0,0,0,0,e97d9a3c34684255e9c5cd183c96b36d16d0d9983a6eee037fa7434cf8e44862
21,2,trace,32,32,224795,1941340,48422,e97d9a3c34684255e9c5cd183c96b36d16d0d9983a6eee037fa7434cf8e44862
21,3,trace,32,32,57600248,59367200,48436,e97d9a3c34684255e9c5cd183c96b36d16d0d9983a6eee037fa7434cf8e44862
21,4,off,32,0,0,0,0,e97d9a3c34684255e9c5cd183c96b36d16d0d9983a6eee037fa7434cf8e44862
21,5,off,32,0,0,0,0,e97d9a3c34684255e9c5cd183c96b36d16d0d9983a6eee037fa7434cf8e44862
21,6,stats,32,32,34994,1757084,0,e97d9a3c34684255e9c5cd183c96b36d16d0d9983a6eee037fa7434cf8e44862
21,7,stats,32,32,57703726,59426522,0,e97d9a3c34684255e9c5cd183c96b36d16d0d9983a6eee037fa7434cf8e44862
21,8,off,32,0,0,0,0,e97d9a3c34684255e9c5cd183c96b36d16d0d9983a6eee037fa7434cf8e44862
22,1,off,32,0,0,0,0,ec426df7d746eeeb0310c3b8073b022846e88c7dd66999e8b3038b46d8ea070d
22,2,trace,32,32,227226,1935981,48446,ec426df7d746eeeb0310c3b8073b022846e88c7dd66999e8b3038b46d8ea070d
22,3,trace,32,32,56768369,58503160,48403,ec426df7d746eeeb0310c3b8073b022846e88c7dd66999e8b3038b46d8ea070d
22,4,off,32,0,0,0,0,ec426df7d746eeeb0310c3b8073b022846e88c7dd66999e8b3038b46d8ea070d
22,5,off,32,0,0,0,0,ec426df7d746eeeb0310c3b8073b022846e88c7dd66999e8b3038b46d8ea070d
22,6,stats,32,32,34072,1715479,0,ec426df7d746eeeb0310c3b8073b022846e88c7dd66999e8b3038b46d8ea070d
22,7,stats,32,32,56379248,58060078,0,ec426df7d746eeeb0310c3b8073b022846e88c7dd66999e8b3038b46d8ea070d
22,8,off,32,0,0,0,0,ec426df7d746eeeb0310c3b8073b022846e88c7dd66999e8b3038b46d8ea070d
23,1,off,32,0,0,0,0,359457395c28177a639200483cb238756a35f10e6852453e576a36a4e47893a5
23,2,trace,32,32,227106,1936747,48398,359457395c28177a639200483cb238756a35f10e6852453e576a36a4e47893a5
23,3,trace,32,32,57340394,59101037,48459,359457395c28177a639200483cb238756a35f10e6852453e576a36a4e47893a5
23,4,off,32,0,0,0,0,359457395c28177a639200483cb238756a35f10e6852453e576a36a4e47893a5
23,5,off,32,0,0,0,0,359457395c28177a639200483cb238756a35f10e6852453e576a36a4e47893a5
23,6,stats,32,32,37217,1737725,0,359457395c28177a639200483cb238756a35f10e6852453e576a36a4e47893a5
23,7,stats,32,32,57085682,58786664,0,359457395c28177a639200483cb238756a35f10e6852453e576a36a4e47893a5
23,8,off,32,0,0,0,0,359457395c28177a639200483cb238756a35f10e6852453e576a36a4e47893a5
24,1,off,32,0,0,0,0,7cb66e727e01752760dd47008ec8da0aa5f5973cf685e02994b72d787c224f57
24,2,trace,32,32,217038,1868620,48471,7cb66e727e01752760dd47008ec8da0aa5f5973cf685e02994b72d787c224f57
24,3,trace,32,32,55524547,57225415,48403,7cb66e727e01752760dd47008ec8da0aa5f5973cf685e02994b72d787c224f57
24,4,off,32,0,0,0,0,7cb66e727e01752760dd47008ec8da0aa5f5973cf685e02994b72d787c224f57
24,5,off,32,0,0,0,0,7cb66e727e01752760dd47008ec8da0aa5f5973cf685e02994b72d787c224f57
24,6,stats,32,32,33097,1681163,0,7cb66e727e01752760dd47008ec8da0aa5f5973cf685e02994b72d787c224f57
24,7,stats,32,32,55264438,56916415,0,7cb66e727e01752760dd47008ec8da0aa5f5973cf685e02994b72d787c224f57
24,8,off,32,0,0,0,0,7cb66e727e01752760dd47008ec8da0aa5f5973cf685e02994b72d787c224f57
25,1,off,32,0,0,0,0,9d98e24c56ee945b1f6e6afcc3736a4321975a175657767d94c520cedb44550f
25,2,trace,32,32,229349,1962102,48463,9d98e24c56ee945b1f6e6afcc3736a4321975a175657767d94c520cedb44550f
25,3,trace,32,32,57081245,58779316,48426,9d98e24c56ee945b1f6e6afcc3736a4321975a175657767d94c520cedb44550f
25,4,off,32,0,0,0,0,9d98e24c56ee945b1f6e6afcc3736a4321975a175657767d94c520cedb44550f
25,5,off,32,0,0,0,0,9d98e24c56ee945b1f6e6afcc3736a4321975a175657767d94c520cedb44550f
25,6,stats,32,32,33446,1681367,0,9d98e24c56ee945b1f6e6afcc3736a4321975a175657767d94c520cedb44550f
25,7,stats,32,32,55282602,56933326,0,9d98e24c56ee945b1f6e6afcc3736a4321975a175657767d94c520cedb44550f
25,8,off,32,0,0,0,0,9d98e24c56ee945b1f6e6afcc3736a4321975a175657767d94c520cedb44550f
26,1,off,32,0,0,0,0,8a1545934e5f37fd9158994c5d424bdbb9e782f102498884b25736ef384b95a4
26,2,trace,32,32,224583,1915262,48370,8a1545934e5f37fd9158994c5d424bdbb9e782f102498884b25736ef384b95a4
26,3,trace,32,32,56906447,58651198,48422,8a1545934e5f37fd9158994c5d424bdbb9e782f102498884b25736ef384b95a4
26,4,off,32,0,0,0,0,8a1545934e5f37fd9158994c5d424bdbb9e782f102498884b25736ef384b95a4
26,5,off,32,0,0,0,0,8a1545934e5f37fd9158994c5d424bdbb9e782f102498884b25736ef384b95a4
26,6,stats,32,32,36363,1680094,0,8a1545934e5f37fd9158994c5d424bdbb9e782f102498884b25736ef384b95a4
26,7,stats,32,32,55063028,56708799,0,8a1545934e5f37fd9158994c5d424bdbb9e782f102498884b25736ef384b95a4
26,8,off,32,0,0,0,0,8a1545934e5f37fd9158994c5d424bdbb9e782f102498884b25736ef384b95a4
27,1,off,32,0,0,0,0,8a9706e2ea59980160fb1116c29c62204670c415aad81b6944e28c4faa286176
27,2,stats,32,32,31932,1740945,0,8a9706e2ea59980160fb1116c29c62204670c415aad81b6944e28c4faa286176
27,3,stats,32,32,57365650,59075206,0,8a9706e2ea59980160fb1116c29c62204670c415aad81b6944e28c4faa286176
27,4,off,32,0,0,0,0,8a9706e2ea59980160fb1116c29c62204670c415aad81b6944e28c4faa286176
27,5,off,32,0,0,0,0,8a9706e2ea59980160fb1116c29c62204670c415aad81b6944e28c4faa286176
27,6,trace,32,32,223376,1912016,48433,8a9706e2ea59980160fb1116c29c62204670c415aad81b6944e28c4faa286176
27,7,trace,32,32,56763747,58504963,48387,8a9706e2ea59980160fb1116c29c62204670c415aad81b6944e28c4faa286176
27,8,off,32,0,0,0,0,8a9706e2ea59980160fb1116c29c62204670c415aad81b6944e28c4faa286176
28,1,off,32,0,0,0,0,3e7e8d038c65f25e74d07c6ec862fab7d5d2b762928cf8086f8914b40ab1512d
28,2,stats,32,32,33374,1710501,0,3e7e8d038c65f25e74d07c6ec862fab7d5d2b762928cf8086f8914b40ab1512d
28,3,stats,32,32,56058316,57730532,0,3e7e8d038c65f25e74d07c6ec862fab7d5d2b762928cf8086f8914b40ab1512d
28,4,off,32,0,0,0,0,3e7e8d038c65f25e74d07c6ec862fab7d5d2b762928cf8086f8914b40ab1512d
28,5,off,32,0,0,0,0,3e7e8d038c65f25e74d07c6ec862fab7d5d2b762928cf8086f8914b40ab1512d
28,6,trace,32,32,216088,1841244,48431,3e7e8d038c65f25e74d07c6ec862fab7d5d2b762928cf8086f8914b40ab1512d
28,7,trace,32,32,54544082,56219625,48395,3e7e8d038c65f25e74d07c6ec862fab7d5d2b762928cf8086f8914b40ab1512d
28,8,off,32,0,0,0,0,3e7e8d038c65f25e74d07c6ec862fab7d5d2b762928cf8086f8914b40ab1512d
29,1,off,32,0,0,0,0,a0abf22e36c657c1862aea087d02bdac04efee50414bc252d5390a66f9037c15
29,2,trace,32,32,221816,1884036,48423,a0abf22e36c657c1862aea087d02bdac04efee50414bc252d5390a66f9037c15
29,3,trace,32,32,55910507,57625902,48400,a0abf22e36c657c1862aea087d02bdac04efee50414bc252d5390a66f9037c15
29,4,off,32,0,0,0,0,a0abf22e36c657c1862aea087d02bdac04efee50414bc252d5390a66f9037c15
29,5,off,32,0,0,0,0,a0abf22e36c657c1862aea087d02bdac04efee50414bc252d5390a66f9037c15
29,6,stats,32,32,32879,1692982,0,a0abf22e36c657c1862aea087d02bdac04efee50414bc252d5390a66f9037c15
29,7,stats,32,32,55153378,56783880,0,a0abf22e36c657c1862aea087d02bdac04efee50414bc252d5390a66f9037c15
29,8,off,32,0,0,0,0,a0abf22e36c657c1862aea087d02bdac04efee50414bc252d5390a66f9037c15
30,1,off,32,0,0,0,0,6ceed483b153af5cb823d3cab2ae679fbad53730484bbc40e41e993061c00d2a
30,2,trace,32,32,231751,1987409,48429,6ceed483b153af5cb823d3cab2ae679fbad53730484bbc40e41e993061c00d2a
30,3,trace,32,32,58964702,60770004,48460,6ceed483b153af5cb823d3cab2ae679fbad53730484bbc40e41e993061c00d2a
30,4,off,32,0,0,0,0,6ceed483b153af5cb823d3cab2ae679fbad53730484bbc40e41e993061c00d2a
30,5,off,32,0,0,0,0,6ceed483b153af5cb823d3cab2ae679fbad53730484bbc40e41e993061c00d2a
30,6,stats,32,32,34150,1783982,0,6ceed483b153af5cb823d3cab2ae679fbad53730484bbc40e41e993061c00d2a
30,7,stats,32,32,58691462,60441951,0,6ceed483b153af5cb823d3cab2ae679fbad53730484bbc40e41e993061c00d2a
30,8,off,32,0,0,0,0,6ceed483b153af5cb823d3cab2ae679fbad53730484bbc40e41e993061c00d2a
31,1,off,32,0,0,0,0,6bafe877f092046dcfb9e9c461f742b53a0d624650177145f94e7dde14c0194c
31,2,trace,32,32,230198,1982222,48465,6bafe877f092046dcfb9e9c461f742b53a0d624650177145f94e7dde14c0194c
31,3,trace,32,32,58963357,60767210,48493,6bafe877f092046dcfb9e9c461f742b53a0d624650177145f94e7dde14c0194c
31,4,off,32,0,0,0,0,6bafe877f092046dcfb9e9c461f742b53a0d624650177145f94e7dde14c0194c
31,5,off,32,0,0,0,0,6bafe877f092046dcfb9e9c461f742b53a0d624650177145f94e7dde14c0194c
31,6,stats,32,32,34221,1780832,0,6bafe877f092046dcfb9e9c461f742b53a0d624650177145f94e7dde14c0194c
31,7,stats,32,32,58604730,60355145,0,6bafe877f092046dcfb9e9c461f742b53a0d624650177145f94e7dde14c0194c
31,8,off,32,0,0,0,0,6bafe877f092046dcfb9e9c461f742b53a0d624650177145f94e7dde14c0194c
32,1,off,32,0,0,0,0,8fc3cd52a21bbde9609bab71b4d411f5193a0177e950394a9c13e629a96c359e
32,2,trace,32,32,228650,1948307,48438,8fc3cd52a21bbde9609bab71b4d411f5193a0177e950394a9c13e629a96c359e
32,3,trace,32,32,57818177,59589808,48464,8fc3cd52a21bbde9609bab71b4d411f5193a0177e950394a9c13e629a96c359e
32,4,off,32,0,0,0,0,8fc3cd52a21bbde9609bab71b4d411f5193a0177e950394a9c13e629a96c359e
32,5,off,32,0,0,0,0,8fc3cd52a21bbde9609bab71b4d411f5193a0177e950394a9c13e629a96c359e
32,6,stats,32,32,34876,1749039,0,8fc3cd52a21bbde9609bab71b4d411f5193a0177e950394a9c13e629a96c359e
32,7,stats,32,32,57498333,59215420,0,8fc3cd52a21bbde9609bab71b4d411f5193a0177e950394a9c13e629a96c359e
32,8,off,32,0,0,0,0,8fc3cd52a21bbde9609bab71b4d411f5193a0177e950394a9c13e629a96c359e
