session_index,pair_index,pair_position,build,sequence,pgbench_seed,block_index,mode,role,measurement_start_ns,measurement_end_ns,full_seconds,transactions,tps,latency_ms,within_block_cv_percent,failed_transactions,pgbench_cpu_percent,pgbench_capacity_fraction,postmaster_pid,pgbench_pid,backend_pid_sha256,server_cpus,pgbench_cpus,aggregate_log_prefix,server_log
1,1,1,v10,A,1,1,off,off_stats_before,1789654875649995735,1789654905652978505,29,16883991,582206.586207,0.0522157316952,0.0981971884274,0,476.385968341,0.595482460426,2000005,2000009,fb96d6d7b30945f47e194d1901c92f350fcb23531502e10f90bd8767463588a7,1-63:2,0-14:2,logs/aggregate-1,logs/server-1.log
1,1,1,v10,A,1,2,stats,stats_first,1789654909727071069,1789654939730109626,29,16867037,581621.965517,0.0522556117592,0.115735744563,0,476.051782984,0.59506472873,2000005,2000009,fb96d6d7b30945f47e194d1901c92f350fcb23531502e10f90bd8767463588a7,1-63:2,0-14:2,logs/aggregate-1,logs/server-1.log
1,1,1,v10,A,1,3,stats,stats_second,1789654943804752474,1789654973807891166,29,16861243,581422.172414,0.0522703260964,0.0948146058902,0,476.016864323,0.595021080403,2000005,2000009,fb96d6d7b30945f47e194d1901c92f350fcb23531502e10f90bd8767463588a7,1-63:2,0-14:2,logs/aggregate-1,logs/server-1.log
1,1,1,v10,A,1,4,off,off_stats_after,1789654977876365430,1789655007879367115,29,16874804,581889.793103,0.0522356040995,0.0952016182688,0,477.585547954,0.596981934943,2000005,2000009,fb96d6d7b30945f47e194d1901c92f350fcb23531502e10f90bd8767463588a7,1-63:2,0-14:2,logs/aggregate-1,logs/server-1.log
1,1,1,v10,A,1,5,off,off_trace_before,1789655011948691423,1789655041951781473,29,16858903,581341.482759,0.0523031704969,0.101138951843,0,474.15116164,0.59268895205,2000005,2000009,fb96d6d7b30945f47e194d1901c92f350fcb23531502e10f90bd8767463588a7,1-63:2,0-14:2,logs/aggregate-1,logs/server-1.log
1,1,1,v10,A,1,6,trace,trace_first,1789655046187746521,1789655076190703062,29,16816560,579881.37931,0.0524493665768,0.0921638014856,0,473.220030186,0.591525037732,2000005,2000009,fb96d6d7b30945f47e194d1901c92f350fcb23531502e10f90bd8767463588a7,1-63:2,0-14:2,logs/aggregate-1,logs/server-1.log
1,1,1,v10,A,1,7,trace,trace_second,1789655080366707652,1789655110369488722,29,16681639,575228.931034,0.0528952831913,1.24881719702,0,475.655905588,0.594569881985,2000005,2000009,fb96d6d7b30945f47e194d1901c92f350fcb23531502e10f90bd8767463588a7,1-63:2,0-14:2,logs/aggregate-1,logs/server-1.log
1,1,1,v10,A,1,8,off,off_trace_after,1789655114438545257,1789655144441660763,29,16486484,568499.448276,0.0535159374795,0.0829223527268,0,479.78350772,0.59972938465,2000005,2000009,fb96d6d7b30945f47e194d1901c92f350fcb23531502e10f90bd8767463588a7,1-63:2,0-14:2,logs/aggregate-1,logs/server-1.log
2,1,2,v9,A,1,1,off,off_stats_before,1789655164940137861,1789655194942903933,29,17046765,587819.482759,0.051682262001,0.120730606495,0,482.222204622,0.602777755778,2000042,2000046,c0e5c9908c3915b684057557bbbdfd76b844c6b30d3e990c55bef71194b2821a,1-63:2,0-14:2,logs/aggregate-2,logs/server-2.log
2,1,2,v9,A,1,2,stats,stats_first,1789655199016717202,1789655229019888307,29,17050669,587954.103448,0.0516892603452,0.102683301393,0,486.048622959,0.607560778699,2000042,2000046,c0e5c9908c3915b684057557bbbdfd76b844c6b30d3e990c55bef71194b2821a,1-63:2,0-14:2,logs/aggregate-2,logs/server-2.log
2,1,2,v9,A,1,3,stats,stats_second,1789655233093419080,1789655263096405260,29,17035112,587417.655172,0.0517094898466,0.122368448017,0,480.91879633,0.601148495413,2000042,2000046,c0e5c9908c3915b684057557bbbdfd76b844c6b30d3e990c55bef71194b2821a,1-63:2,0-14:2,logs/aggregate-2,logs/server-2.log
2,1,2,v9,A,1,4,off,off_stats_after,1789655267165919991,1789655297169043110,29,17039301,587562.103448,0.0517015691547,0.132359619004,0,481.683188203,0.602103985253,2000042,2000046,c0e5c9908c3915b684057557bbbdfd76b844c6b30d3e990c55bef71194b2821a,1-63:2,0-14:2,logs/aggregate-2,logs/server-2.log
2,1,2,v9,A,1,5,off,off_trace_before,1789655301238137037,1789655331241191134,29,17034169,587385.137931,0.0517275534251,0.121564091113,0,481.01769751,0.601272121887,2000042,2000046,c0e5c9908c3915b684057557bbbdfd76b844c6b30d3e990c55bef71194b2821a,1-63:2,0-14:2,logs/aggregate-2,logs/server-2.log
2,1,2,v9,A,1,6,trace,trace_first,1789655335476343275,1789655365479366156,29,17007928,586480.275862,0.0517858436372,0.102924131273,0,481.051527949,0.601314409937,2000042,2000046,c0e5c9908c3915b684057557bbbdfd76b844c6b30d3e990c55bef71194b2821a,1-63:2,0-14:2,logs/aggregate-2,logs/server-2.log
2,1,2,v9,A,1,7,trace,trace_second,1789655369654701356,1789655399657615925,29,17002324,586287.034483,0.0518176189326,0.121389006709,0,480.020031617,0.600025039521,2000042,2000046,c0e5c9908c3915b684057557bbbdfd76b844c6b30d3e990c55bef71194b2821a,1-63:2,0-14:2,logs/aggregate-2,logs/server-2.log
2,1,2,v9,A,1,8,off,off_trace_after,1789655403726444411,1789655433729294843,29,16945443,584325.62069,0.0519981465223,0.909626810894,0,475.68813611,0.594610170138,2000042,2000046,c0e5c9908c3915b684057557bbbdfd76b844c6b30d3e990c55bef71194b2821a,1-63:2,0-14:2,logs/aggregate-2,logs/server-2.log
3,2,1,v10,A,2,1,off,off_stats_before,1789655463710717982,1789655493713584351,29,17121441,590394.517241,0.0514748194968,0.403616782129,0,488.65331131,0.610816639137,2000083,2000087,7ca9bf7204579e6ee31407ba06e86fa276dde72dc7f6fc065e97694453ce50b5,1-63:2,0-14:2,logs/aggregate-3,logs/server-3.log
3,2,1,v10,A,2,2,stats,stats_first,1789655497786436251,1789655527789102301,29,17136752,590922.482759,0.0514030271897,0.0964432725905,0,487.823314622,0.609779143277,2000083,2000087,7ca9bf7204579e6ee31407ba06e86fa276dde72dc7f6fc065e97694453ce50b5,1-63:2,0-14:2,logs/aggregate-3,logs/server-3.log
3,2,1,v10,A,2,3,stats,stats_second,1789655531862585462,1789655561865425082,29,17130279,590699.275862,0.0514235835855,0.11812422783,0,487.120558757,0.608900698447,2000083,2000087,7ca9bf7204579e6ee31407ba06e86fa276dde72dc7f6fc065e97694453ce50b5,1-63:2,0-14:2,logs/aggregate-3,logs/server-3.log
3,2,1,v10,A,2,4,off,off_stats_after,1789655565934831594,1789655595937840650,29,17127525,590604.310345,0.0514505520208,0.133998624914,0,485.984588172,0.607480735215,2000083,2000087,7ca9bf7204579e6ee31407ba06e86fa276dde72dc7f6fc065e97694453ce50b5,1-63:2,0-14:2,logs/aggregate-3,logs/server-3.log
3,2,1,v10,A,2,5,off,off_trace_before,1789655600006135187,1789655630009108508,29,17135685,590885.689655,0.0514003378914,0.160575665794,0,484.751955894,0.605939944868,2000083,2000087,7ca9bf7204579e6ee31407ba06e86fa276dde72dc7f6fc065e97694453ce50b5,1-63:2,0-14:2,logs/aggregate-3,logs/server-3.log
3,2,1,v10,A,2,6,trace,trace_first,1789655634243825140,1789655664246791002,29,17095744,589508.413793,0.0515221285485,0.13685314186,0,482.718944074,0.603398680093,2000083,2000087,7ca9bf7204579e6ee31407ba06e86fa276dde72dc7f6fc065e97694453ce50b5,1-63:2,0-14:2,logs/aggregate-3,logs/server-3.log
3,2,1,v10,A,2,7,trace,trace_second,1789655668423209744,1789655698426223785,29,17092514,589397.034483,0.0515474516505,0.121964275673,0,481.0183397,0.601272924625,2000083,2000087,7ca9bf7204579e6ee31407ba06e86fa276dde72dc7f6fc065e97694453ce50b5,1-63:2,0-14:2,logs/aggregate-3,logs/server-3.log
3,2,1,v10,A,2,8,off,off_trace_after,1789655702494030609,1789655732496995039,29,17111966,590067.793103,0.0514942587544,0.125543551794,0,480.852484882,0.601065606103,2000083,2000087,7ca9bf7204579e6ee31407ba06e86fa276dde72dc7f6fc065e97694453ce50b5,1-63:2,0-14:2,logs/aggregate-3,logs/server-3.log
4,2,2,v9,A,2,1,off,off_stats_before,1789655753014250320,1789655783017263743,29,16832848,580443.034483,0.0523536360573,0.43891913463,0,484.584658048,0.60573082256,2000120,2000124,1f189df36aebda4e81f904a9d9037830fc372a950eab990455f8313b80622149,1-63:2,0-14:2,logs/aggregate-4,logs/server-4.log
4,2,2,v9,A,2,2,stats,stats_first,1789655787090589706,1789655817093300382,29,16800144,579315.310345,0.0524051586701,0.111218802711,0,485.689448442,0.607111810553,2000120,2000124,1f189df36aebda4e81f904a9d9037830fc372a950eab990455f8313b80622149,1-63:2,0-14:2,logs/aggregate-4,logs/server-4.log
4,2,2,v9,A,2,3,stats,stats_second,1789655821166293476,1789655851169321696,29,16789301,578941.413793,0.0525147136858,0.11093626582,0,486.950846857,0.608688558571,2000120,2000124,1f189df36aebda4e81f904a9d9037830fc372a950eab990455f8313b80622149,1-63:2,0-14:2,logs/aggregate-4,logs/server-4.log
4,2,2,v9,A,2,4,off,off_stats_after,1789655855239317653,1789655885242119502,29,16814984,579827.034483,0.0524169057788,0.127334763308,0,487.554464867,0.609443081084,2000120,2000124,1f189df36aebda4e81f904a9d9037830fc372a950eab990455f8313b80622149,1-63:2,0-14:2,logs/aggregate-4,logs/server-4.log
4,2,2,v9,A,2,5,off,off_trace_before,1789655889312376764,1789655919315382907,29,16807680,579575.172414,0.0524173204154,0.102024164796,0,485.184715512,0.60648089439,2000120,2000124,1f189df36aebda4e81f904a9d9037830fc372a950eab990455f8313b80622149,1-63:2,0-14:2,logs/aggregate-4,logs/server-4.log
4,2,2,v9,A,2,6,trace,trace_first,1789655923552223841,1789655953555293399,29,16779314,578597.034483,0.0524935545637,0.092556991962,0,483.917152941,0.604896441176,2000120,2000124,1f189df36aebda4e81f904a9d9037830fc372a950eab990455f8313b80622149,1-63:2,0-14:2,logs/aggregate-4,logs/server-4.log
4,2,2,v9,A,2,7,trace,trace_second,1789655957732786596,1789655987735811346,29,16773709,578403.758621,0.0525460442291,0.106541616532,0,482.051397168,0.60256424646,2000120,2000124,1f189df36aebda4e81f904a9d9037830fc372a950eab990455f8313b80622149,1-63:2,0-14:2,logs/aggregate-4,logs/server-4.log
4,2,2,v9,A,2,8,off,off_trace_after,1789655991804922780,1789656021808038516,29,16807490,579568.62069,0.0524136415967,0.120657151476,0,483.949738013,0.604937172516,2000120,2000124,1f189df36aebda4e81f904a9d9037830fc372a950eab990455f8313b80622149,1-63:2,0-14:2,logs/aggregate-4,logs/server-4.log
5,3,1,v9,A,3,1,off,off_stats_before,1789656051903258638,1789656081906155103,29,16066133,554004.586207,0.0550737694628,0.113820931627,0,458.322416172,0.572903020215,2000161,2000165,2b27a39b31085f65d8ccb833ac62e87f965eeb6467302dec8d6beec120a5cd3d,1-63:2,0-14:2,logs/aggregate-5,logs/server-5.log
5,3,1,v9,A,3,2,stats,stats_first,1789656085980163130,1789656115983226336,29,15601380,537978.62069,0.0568025545176,0.0951442301013,0,453.820328495,0.567275410619,2000161,2000165,2b27a39b31085f65d8ccb833ac62e87f965eeb6467302dec8d6beec120a5cd3d,1-63:2,0-14:2,logs/aggregate-5,logs/server-5.log
5,3,1,v9,A,3,3,stats,stats_second,1789656120057286220,1789656150060159361,29,15603116,538038.482759,0.05678181403,0.0947207629708,0,456.022992721,0.570028740902,2000161,2000165,2b27a39b31085f65d8ccb833ac62e87f965eeb6467302dec8d6beec120a5cd3d,1-63:2,0-14:2,logs/aggregate-5,logs/server-5.log
5,3,1,v9,A,3,4,off,off_stats_after,1789656154131002531,1789656184133417914,29,15611865,538340.172414,0.0567534530948,0.0825062538302,0,453.43015975,0.566787699688,2000161,2000165,2b27a39b31085f65d8ccb833ac62e87f965eeb6467302dec8d6beec120a5cd3d,1-63:2,0-14:2,logs/aggregate-5,logs/server-5.log
5,3,1,v9,A,3,5,off,off_trace_before,1789656188203785073,1789656218206800568,29,15603006,538034.689655,0.056816551503,0.0718109979242,0,453.754390197,0.567192987746,2000161,2000165,2b27a39b31085f65d8ccb833ac62e87f965eeb6467302dec8d6beec120a5cd3d,1-63:2,0-14:2,logs/aggregate-5,logs/server-5.log
5,3,1,v9,A,3,6,trace,trace_first,1789656222447235699,1789656252450279775,29,15593670,537712.758621,0.0568617727578,0.0899399573844,0,456.053724593,0.570067155742,2000161,2000165,2b27a39b31085f65d8ccb833ac62e87f965eeb6467302dec8d6beec120a5cd3d,1-63:2,0-14:2,logs/aggregate-5,logs/server-5.log
5,3,1,v9,A,3,7,trace,trace_second,1789656256636447909,1789656286639371911,29,15600390,537944.482759,0.0568623554283,0.114360078683,0,456.755481535,0.570944351919,2000161,2000165,2b27a39b31085f65d8ccb833ac62e87f965eeb6467302dec8d6beec120a5cd3d,1-63:2,0-14:2,logs/aggregate-5,logs/server-5.log
5,3,1,v9,A,3,8,off,off_trace_after,1789656290709516350,1789656320712516807,29,15613632,538401.103448,0.0567884081679,0.137742967313,0,455.554437617,0.569443047021,2000161,2000165,2b27a39b31085f65d8ccb833ac62e87f965eeb6467302dec8d6beec120a5cd3d,1-63:2,0-14:2,logs/aggregate-5,logs/server-5.log
6,3,2,v10,A,3,1,off,off_stats_before,1789656341209849217,1789656371212969591,29,16341699,563506.862069,0.054114262905,0.12040913707,0,464.518350967,0.580647938709,2000198,2000202,1e84d26aa6a9ece8cb223e02c7c7a20432c4a2e39fc7c559544e6ba0a516c21b,1-63:2,0-14:2,logs/aggregate-6,logs/server-6.log
6,3,2,v10,A,3,2,stats,stats_first,1789656375287475870,1789656405290339328,29,16279011,561345.206897,0.0543600817028,0.109606795612,0,462.255878324,0.577819847904,2000198,2000202,1e84d26aa6a9ece8cb223e02c7c7a20432c4a2e39fc7c559544e6ba0a516c21b,1-63:2,0-14:2,logs/aggregate-6,logs/server-6.log
6,3,2,v10,A,3,3,stats,stats_second,1789656409364454310,1789656439367533705,29,15887065,547829.827586,0.0557198057036,0.727683321218,0,462.885819724,0.578607274655,2000198,2000202,1e84d26aa6a9ece8cb223e02c7c7a20432c4a2e39fc7c559544e6ba0a516c21b,1-63:2,0-14:2,logs/aggregate-6,logs/server-6.log
6,3,2,v10,A,3,4,off,off_stats_after,1789656443436294332,1789656473439190674,29,15940301,549665.551724,0.0555231683517,0.118105147452,0,465.921684382,0.582402105477,2000198,2000202,1e84d26aa6a9ece8cb223e02c7c7a20432c4a2e39fc7c559544e6ba0a516c21b,1-63:2,0-14:2,logs/aggregate-6,logs/server-6.log
6,3,2,v10,A,3,5,off,off_trace_before,1789656477509622326,1789656507512463587,29,15950116,550004,0.0554905443321,0.11603467158,0,469.088906533,0.586361133166,2000198,2000202,1e84d26aa6a9ece8cb223e02c7c7a20432c4a2e39fc7c559544e6ba0a516c21b,1-63:2,0-14:2,logs/aggregate-6,logs/server-6.log
6,3,2,v10,A,3,6,trace,trace_first,1789656511749612166,1789656541752199338,29,15751508,543155.448276,0.0562462058871,0.12181437028,0,461.060238595,0.576325298244,2000198,2000202,1e84d26aa6a9ece8cb223e02c7c7a20432c4a2e39fc7c559544e6ba0a516c21b,1-63:2,0-14:2,logs/aggregate-6,logs/server-6.log
6,3,2,v10,A,3,7,trace,trace_second,1789656545935189313,1789656575938238139,29,15759262,543422.827586,0.0561981708281,0.125712606587,0,459.319987109,0.574149983887,2000198,2000202,1e84d26aa6a9ece8cb223e02c7c7a20432c4a2e39fc7c559544e6ba0a516c21b,1-63:2,0-14:2,logs/aggregate-6,logs/server-6.log
6,3,2,v10,A,3,8,off,off_trace_after,1789656580008475422,1789656610011616120,29,15945160,549833.103448,0.055512160179,0.0960594023709,0,463.851439424,0.57981429928,2000198,2000202,1e84d26aa6a9ece8cb223e02c7c7a20432c4a2e39fc7c559544e6ba0a516c21b,1-63:2,0-14:2,logs/aggregate-6,logs/server-6.log
7,4,1,v10,B,4,1,off,off_trace_before,1789656640156124820,1789656670159056590,29,16812928,579756.137931,0.0524847205674,0.0927452463119,0,477.453340554,0.596816675692,2000239,2000243,19de5e87032c7e5101c63ae2639e100cca44bda05ead762b1396e416d70090b9,1-63:2,0-14:2,logs/aggregate-7,logs/server-7.log
7,4,1,v10,B,4,2,trace,trace_first,1789656674395432432,1789656704398584480,29,16780506,578638.137931,0.0525722592036,0.0996064519681,0,473.650234391,0.592062792989,2000239,2000243,19de5e87032c7e5101c63ae2639e100cca44bda05ead762b1396e416d70090b9,1-63:2,0-14:2,logs/aggregate-7,logs/server-7.log
7,4,1,v10,B,4,3,trace,trace_second,1789656708576416566,1789656738579491769,29,16793633,579090.793103,0.05251289581,0.139121527618,0,475.11796386,0.593897454826,2000239,2000243,19de5e87032c7e5101c63ae2639e100cca44bda05ead762b1396e416d70090b9,1-63:2,0-14:2,logs/aggregate-7,logs/server-7.log
7,4,1,v10,B,4,4,off,off_trace_after,1789656742649414383,1789656772652136783,29,16274144,561177.37931,0.0542695779268,0.121158920645,0,474.123641527,0.592654551908,2000239,2000243,19de5e87032c7e5101c63ae2639e100cca44bda05ead762b1396e416d70090b9,1-63:2,0-14:2,logs/aggregate-7,logs/server-7.log
7,4,1,v10,B,4,5,off,off_stats_before,1789656776722301992,1789656806724852237,29,16258271,560630.034483,0.0543615365373,0.113771383911,0,472.426506555,0.590533133194,2000239,2000243,19de5e87032c7e5101c63ae2639e100cca44bda05ead762b1396e416d70090b9,1-63:2,0-14:2,logs/aggregate-7,logs/server-7.log
7,4,1,v10,B,4,6,stats,stats_first,1789656810798064646,1789656840801091810,29,16262912,560790.068966,0.0543341393595,0.172383052115,0,471.852387515,0.589815484393,2000239,2000243,19de5e87032c7e5101c63ae2639e100cca44bda05ead762b1396e416d70090b9,1-63:2,0-14:2,logs/aggregate-7,logs/server-7.log
7,4,1,v10,B,4,7,stats,stats_second,1789656844877321559,1789656874880373155,29,16265073,560864.586207,0.0543249084711,0.116631918725,0,472.018652992,0.59002331624,2000239,2000243,19de5e87032c7e5101c63ae2639e100cca44bda05ead762b1396e416d70090b9,1-63:2,0-14:2,logs/aggregate-7,logs/server-7.log
7,4,1,v10,B,4,8,off,off_stats_after,1789656878952264020,1789656908955245966,29,16294308,561872.689655,0.054202053441,0.160107350836,0,472.186398855,0.590232998569,2000239,2000243,19de5e87032c7e5101c63ae2639e100cca44bda05ead762b1396e416d70090b9,1-63:2,0-14:2,logs/aggregate-7,logs/server-7.log
8,4,2,v9,B,4,1,off,off_trace_before,1789656929446386236,1789656959449561964,29,16311117,562452.310345,0.0542191915489,0.106670240396,0,463.417610391,0.579272012988,2000276,2000280,90750d279f0b8a828bcda34785167a118cad5badf42df0c645832fd0b4c41abc,1-63:2,0-14:2,logs/aggregate-8,logs/server-8.log
8,4,2,v9,B,4,2,trace,trace_first,1789656963687593978,1789656993690649799,29,16283387,561496.103448,0.0542856456092,0.156248768461,0,459.853159035,0.574816448794,2000276,2000280,90750d279f0b8a828bcda34785167a118cad5badf42df0c645832fd0b4c41abc,1-63:2,0-14:2,logs/aggregate-8,logs/server-8.log
8,4,2,v9,B,4,3,trace,trace_second,1789656997874053869,1789657027877004553,29,16279913,561376.310345,0.0542918686359,0.112745683401,0,459.288159526,0.574110199407,2000276,2000280,90750d279f0b8a828bcda34785167a118cad5badf42df0c645832fd0b4c41abc,1-63:2,0-14:2,logs/aggregate-8,logs/server-8.log
8,4,2,v9,B,4,4,off,off_trace_after,1789657031947742833,1789657061950687459,29,16318150,562694.827586,0.0541560630341,0.111492324379,0,462.654588509,0.578318235636,2000276,2000280,90750d279f0b8a828bcda34785167a118cad5badf42df0c645832fd0b4c41abc,1-63:2,0-14:2,logs/aggregate-8,logs/server-8.log
8,4,2,v9,B,4,5,off,off_stats_before,1789657066021452617,1789657096024598773,29,15684538,540846.137931,0.0564762026781,0.614148242858,0,457.285376962,0.571606721203,2000276,2000280,90750d279f0b8a828bcda34785167a118cad5badf42df0c645832fd0b4c41abc,1-63:2,0-14:2,logs/aggregate-8,logs/server-8.log
8,4,2,v9,B,4,6,stats,stats_first,1789657100101047668,1789657130104045330,29,15649330,539632.068966,0.0566168160554,0.115926016459,0,454.654569976,0.56831821247,2000276,2000280,90750d279f0b8a828bcda34785167a118cad5badf42df0c645832fd0b4c41abc,1-63:2,0-14:2,logs/aggregate-8,logs/server-8.log
8,4,2,v9,B,4,7,stats,stats_second,1789657134181173578,1789657164184286999,29,15657083,539899.413793,0.0565736735891,0.148763437565,0,456.952577142,0.571190721427,2000276,2000280,90750d279f0b8a828bcda34785167a118cad5badf42df0c645832fd0b4c41abc,1-63:2,0-14:2,logs/aggregate-8,logs/server-8.log
8,4,2,v9,B,4,8,off,off_stats_after,1789657168255166324,1789657198258094954,29,15658067,539933.344828,0.0565394989688,0.141993865631,0,455.822168851,0.569777711063,2000276,2000280,90750d279f0b8a828bcda34785167a118cad5badf42df0c645832fd0b4c41abc,1-63:2,0-14:2,logs/aggregate-8,logs/server-8.log
9,5,1,v9,A,5,1,off,off_stats_before,1789657228178444711,1789657258181472610,29,16981229,585559.62069,0.0519305872384,0.122197561449,0,475.751982368,0.59468997796,2000317,2000321,33c2a6cb3c14884f6b897911a158ad7151fbb55d3601dc08c5e34a7b9fc6c362,1-63:2,0-14:2,logs/aggregate-9,logs/server-9.log
9,5,1,v9,A,5,2,stats,stats_first,1789657262254297807,1789657292257261464,29,16962192,584903.172414,0.0520309214752,0.0958256434741,0,477.419503078,0.596774378848,2000317,2000321,33c2a6cb3c14884f6b897911a158ad7151fbb55d3601dc08c5e34a7b9fc6c362,1-63:2,0-14:2,logs/aggregate-9,logs/server-9.log
9,5,1,v9,A,5,3,stats,stats_second,1789657296330701692,1789657326333880879,29,16947882,584409.724138,0.0520482091509,0.13254486878,0,472.549922514,0.590687403143,2000317,2000321,33c2a6cb3c14884f6b897911a158ad7151fbb55d3601dc08c5e34a7b9fc6c362,1-63:2,0-14:2,logs/aggregate-9,logs/server-9.log
9,5,1,v9,A,5,4,off,off_stats_after,1789657330403716112,1789657360406877580,29,16986620,585745.517241,0.0518997933079,0.113594288301,0,472.983489261,0.591229361576,2000317,2000321,33c2a6cb3c14884f6b897911a158ad7151fbb55d3601dc08c5e34a7b9fc6c362,1-63:2,0-14:2,logs/aggregate-9,logs/server-9.log
9,5,1,v9,A,5,5,off,off_trace_before,1789657364476236680,1789657394479161693,29,17001065,586243.62069,0.051879463963,0.137402922712,0,478.586670926,0.598233338657,2000317,2000321,33c2a6cb3c14884f6b897911a158ad7151fbb55d3601dc08c5e34a7b9fc6c362,1-63:2,0-14:2,logs/aggregate-9,logs/server-9.log
9,5,1,v9,A,5,6,trace,trace_first,1789657398716521945,1789657428719640899,29,16492285,568699.482759,0.0535235136914,0.0976331879519,0,474.150704859,0.592688381073,2000317,2000321,33c2a6cb3c14884f6b897911a158ad7151fbb55d3601dc08c5e34a7b9fc6c362,1-63:2,0-14:2,logs/aggregate-9,logs/server-9.log
9,5,1,v9,A,5,7,trace,trace_second,1789657432897647319,1789657462900663638,29,16494987,568792.655172,0.0535296587381,0.115421625007,0,477.185355225,0.596481694031,2000317,2000321,33c2a6cb3c14884f6b897911a158ad7151fbb55d3601dc08c5e34a7b9fc6c362,1-63:2,0-14:2,logs/aggregate-9,logs/server-9.log
9,5,1,v9,A,5,8,off,off_trace_after,1789657466969860121,1789657496972856368,29,16518824,569614.62069,0.0534417962804,0.115111496554,0,478.385554624,0.59798194328,2000317,2000321,33c2a6cb3c14884f6b897911a158ad7151fbb55d3601dc08c5e34a7b9fc6c362,1-63:2,0-14:2,logs/aggregate-9,logs/server-9.log
10,5,2,v10,A,5,1,off,off_stats_before,1789657517468253655,1789657547471291309,29,15960949,550377.551724,0.0554352844558,0.102429337715,0,454.353994326,0.567942492907,2000354,2000358,f6f657e2df680a2d965cc5a90ac76bcdcc4d90a446aa44a77c3d79fbfdf3f791,1-63:2,0-14:2,logs/aggregate-10,logs/server-10.log
10,5,2,v10,A,5,2,stats,stats_first,1789657551545880410,1789657581548853458,29,15944497,549810.241379,0.0554753799383,0.105765764149,0,454.554952877,0.568193691096,2000354,2000358,f6f657e2df680a2d965cc5a90ac76bcdcc4d90a446aa44a77c3d79fbfdf3f791,1-63:2,0-14:2,logs/aggregate-10,logs/server-10.log
10,5,2,v10,A,5,3,stats,stats_second,1789657585625365410,1789657615628363554,29,15951483,550051.137931,0.0554765443439,0.119359276435,0,455.754452751,0.569693065938,2000354,2000358,f6f657e2df680a2d965cc5a90ac76bcdcc4d90a446aa44a77c3d79fbfdf3f791,1-63:2,0-14:2,logs/aggregate-10,logs/server-10.log
10,5,2,v10,A,5,4,off,off_stats_after,1789657619698224482,1789657649700985473,29,15965544,550536,0.0554412946405,0.11433505902,0,458.75777913,0.573447223913,2000354,2000358,f6f657e2df680a2d965cc5a90ac76bcdcc4d90a446aa44a77c3d79fbfdf3f791,1-63:2,0-14:2,logs/aggregate-10,logs/server-10.log
10,5,2,v10,A,5,5,off,off_trace_before,1789657653772112961,1789657683774772888,29,15962626,550435.37931,0.0554439483203,0.0853812987069,0,458.15937765,0.572699222063,2000354,2000358,f6f657e2df680a2d965cc5a90ac76bcdcc4d90a446aa44a77c3d79fbfdf3f791,1-63:2,0-14:2,logs/aggregate-10,logs/server-10.log
10,5,2,v10,A,5,6,trace,trace_first,1789657688013720042,1789657718016534708,29,15929205,549282.931034,0.0555317507057,0.0987138608954,0,451.957596344,0.56494699543,2000354,2000358,f6f657e2df680a2d965cc5a90ac76bcdcc4d90a446aa44a77c3d79fbfdf3f791,1-63:2,0-14:2,logs/aggregate-10,logs/server-10.log
10,5,2,v10,A,5,7,trace,trace_second,1789657722199128217,1789657752202171785,29,15702821,541476.586207,0.0563953029841,0.14524463121,0,457.886879672,0.572358599589,2000354,2000358,f6f657e2df680a2d965cc5a90ac76bcdcc4d90a446aa44a77c3d79fbfdf3f791,1-63:2,0-14:2,logs/aggregate-10,logs/server-10.log
10,5,2,v10,A,5,8,off,off_trace_after,1789657756272557978,1789657786275545400,29,15733798,542544.758621,0.0562282016078,0.104807590575,0,456.854506093,0.571068132617,2000354,2000358,f6f657e2df680a2d965cc5a90ac76bcdcc4d90a446aa44a77c3d79fbfdf3f791,1-63:2,0-14:2,logs/aggregate-10,logs/server-10.log
11,6,1,v10,B,6,1,off,off_trace_before,1789657816347837564,1789657846351030809,29,16961568,584881.655172,0.0520098729669,0.105593997632,0,478.615722091,0.598269652614,2000395,2000399,d3e18adb7456888ea77b637cd940026f84b15050bddc122df8fedca9bdf98d72,1-63:2,0-14:2,logs/aggregate-11,logs/server-11.log
11,6,1,v10,B,6,2,trace,trace_first,1789657850588587611,1789657880591704105,29,16964802,584993.172414,0.0519967512736,0.103316394921,0,482.916499788,0.603645624734,2000395,2000399,d3e18adb7456888ea77b637cd940026f84b15050bddc122df8fedca9bdf98d72,1-63:2,0-14:2,logs/aggregate-11,logs/server-11.log
11,6,1,v10,B,6,3,trace,trace_second,1789657884768086341,1789657914771084514,29,16966558,585053.724138,0.0520016465921,0.118829384118,0,482.718424222,0.603398030277,2000395,2000399,d3e18adb7456888ea77b637cd940026f84b15050bddc122df8fedca9bdf98d72,1-63:2,0-14:2,logs/aggregate-11,logs/server-11.log
11,6,1,v10,B,6,4,off,off_trace_after,1789657918840625359,1789657948843655977,29,16980000,585517.241379,0.0519347131331,0.144122287257,0,485.250979655,0.606563724569,2000395,2000399,d3e18adb7456888ea77b637cd940026f84b15050bddc122df8fedca9bdf98d72,1-63:2,0-14:2,logs/aggregate-11,logs/server-11.log
11,6,1,v10,B,6,5,off,off_stats_before,1789657952911996673,1789657982914900969,29,16955535,584673.62069,0.0520867823398,0.107169699961,0,483.619847494,0.604524809367,2000395,2000399,d3e18adb7456888ea77b637cd940026f84b15050bddc122df8fedca9bdf98d72,1-63:2,0-14:2,logs/aggregate-11,logs/server-11.log
11,6,1,v10,B,6,6,stats,stats_first,1789657986988902100,1789658016991980582,29,16952443,584567,0.0520473410823,0.133567783752,0,483.083761178,0.603854701472,2000395,2000399,d3e18adb7456888ea77b637cd940026f84b15050bddc122df8fedca9bdf98d72,1-63:2,0-14:2,logs/aggregate-11,logs/server-11.log
11,6,1,v10,B,6,7,stats,stats_second,1789658021064531687,1789658051067643523,29,16945920,584342.068966,0.0520671496738,0.17815427209,0,483.51651253,0.604395640663,2000395,2000399,d3e18adb7456888ea77b637cd940026f84b15050bddc122df8fedca9bdf98d72,1-63:2,0-14:2,logs/aggregate-11,logs/server-11.log
11,6,1,v10,B,6,8,off,off_stats_after,1789658055138172595,1789658085140999371,29,16354168,563936.827586,0.0540044079283,0.118994934858,0,474.788595966,0.593485744958,2000395,2000399,d3e18adb7456888ea77b637cd940026f84b15050bddc122df8fedca9bdf98d72,1-63:2,0-14:2,logs/aggregate-11,logs/server-11.log
12,6,2,v9,B,6,1,off,off_trace_before,1789658105639798997,1789658135642759500,29,17028109,587176.172414,0.0517558264984,0.0981927443565,0,482.619040163,0.603273800203,2000432,2000436,c122d2fab9d6b17c58afa2781e5e8dd6aa9a3f17fe322f6e6615d5faf1314b9d,1-63:2,0-14:2,logs/aggregate-12,logs/server-12.log
12,6,2,v9,B,6,2,trace,trace_first,1789658139879584627,1789658169882543840,29,17023070,587002.413793,0.0517555660054,0.125948462355,0,484.218903104,0.60527362888,2000432,2000436,c122d2fab9d6b17c58afa2781e5e8dd6aa9a3f17fe322f6e6615d5faf1314b9d,1-63:2,0-14:2,logs/aggregate-12,logs/server-12.log
12,6,2,v9,B,6,3,trace,trace_second,1789658174060729706,1789658204063795533,29,17008607,586503.689655,0.0517673046946,0.129431255692,0,481.084169305,0.601355211632,2000432,2000436,c122d2fab9d6b17c58afa2781e5e8dd6aa9a3f17fe322f6e6615d5faf1314b9d,1-63:2,0-14:2,logs/aggregate-12,logs/server-12.log
12,6,2,v9,B,6,4,off,off_trace_after,1789658208133215370,1789658238136224181,29,17026673,587126.655172,0.0517663915317,0.121373815654,0,483.018222982,0.603772778727,2000432,2000436,c122d2fab9d6b17c58afa2781e5e8dd6aa9a3f17fe322f6e6615d5faf1314b9d,1-63:2,0-14:2,logs/aggregate-12,logs/server-12.log
12,6,2,v9,B,6,5,off,off_stats_before,1789658242205990412,1789658272209071670,29,17026873,587133.551724,0.0517719197765,0.123771882149,0,481.617200438,0.602021500548,2000432,2000436,c122d2fab9d6b17c58afa2781e5e8dd6aa9a3f17fe322f6e6615d5faf1314b9d,1-63:2,0-14:2,logs/aggregate-12,logs/server-12.log
12,6,2,v9,B,6,6,stats,stats_first,1789658276283253607,1789658306286193522,29,17021064,586933.241379,0.0517930284499,0.124676205692,0,481.919439927,0.602399299909,2000432,2000436,c122d2fab9d6b17c58afa2781e5e8dd6aa9a3f17fe322f6e6615d5faf1314b9d,1-63:2,0-14:2,logs/aggregate-12,logs/server-12.log
12,6,2,v9,B,6,7,stats,stats_second,1789658310360272835,1789658340363166197,29,17009346,586529.172414,0.0518033732161,0.129330392711,0,479.220448059,0.599025560074,2000432,2000436,c122d2fab9d6b17c58afa2781e5e8dd6aa9a3f17fe322f6e6615d5faf1314b9d,1-63:2,0-14:2,logs/aggregate-12,logs/server-12.log
12,6,2,v9,B,6,8,off,off_stats_after,1789658344432618100,1789658374435518931,29,17024537,587053,0.051757076213,0.117820220171,0,480.853504175,0.601066880219,2000432,2000436,c122d2fab9d6b17c58afa2781e5e8dd6aa9a3f17fe322f6e6615d5faf1314b9d,1-63:2,0-14:2,logs/aggregate-12,logs/server-12.log
13,7,1,v10,A,7,1,off,off_stats_before,1789658404463571880,1789658434466504875,29,16753250,577698.275862,0.0526646457851,0.141626368854,0,476.520078966,0.595650098708,2000473,2000477,f235003a520b2748afb9d846b62fab7db79616b5f3ae2993a079db5319b4cb9f,1-63:2,0-14:2,logs/aggregate-13,logs/server-13.log
13,7,1,v10,A,7,2,stats,stats_first,1789658438540612041,1789658468543505186,29,16688868,575478.206897,0.0528638306085,0.129380469469,0,475.254167359,0.594067709199,2000473,2000477,f235003a520b2748afb9d846b62fab7db79616b5f3ae2993a079db5319b4cb9f,1-63:2,0-14:2,logs/aggregate-13,logs/server-13.log
13,7,1,v10,A,7,3,stats,stats_second,1789658472617745050,1789658502620730955,29,16672208,574903.724138,0.0529329409158,0.1000424552,0,472.58629674,0.590732870926,2000473,2000477,f235003a520b2748afb9d846b62fab7db79616b5f3ae2993a079db5319b4cb9f,1-63:2,0-14:2,logs/aggregate-13,logs/server-13.log
13,7,1,v10,A,7,4,off,off_stats_after,1789658506690628511,1789658536693681835,29,16756195,577799.827586,0.0526230881772,0.138756877901,0,477.151436736,0.596439295919,2000473,2000477,f235003a520b2748afb9d846b62fab7db79616b5f3ae2993a079db5319b4cb9f,1-63:2,0-14:2,logs/aggregate-13,logs/server-13.log
13,7,1,v10,A,7,5,off,off_trace_before,1789658540762892047,1789658570765862345,29,16742696,577334.344828,0.0527134151513,0.125483675294,0,476.686136671,0.595857670838,2000473,2000477,f235003a520b2748afb9d846b62fab7db79616b5f3ae2993a079db5319b4cb9f,1-63:2,0-14:2,logs/aggregate-13,logs/server-13.log
13,7,1,v10,A,7,6,trace,trace_first,1789658575001934584,1789658605005013159,29,16629156,573419.172414,0.0530863684242,0.139249447442,0,473.518074636,0.591897593296,2000473,2000477,f235003a520b2748afb9d846b62fab7db79616b5f3ae2993a079db5319b4cb9f,1-63:2,0-14:2,logs/aggregate-13,logs/server-13.log
13,7,1,v10,A,7,7,trace,trace_second,1789658609184436970,1789658639187495759,29,16626452,573325.931034,0.0530898070135,0.115385304978,0,472.518488855,0.590648111068,2000473,2000477,f235003a520b2748afb9d846b62fab7db79616b5f3ae2993a079db5319b4cb9f,1-63:2,0-14:2,logs/aggregate-13,logs/server-13.log
13,7,1,v10,A,7,8,off,off_trace_after,1789658643257569540,1789658673260503340,29,16726106,576762.275862,0.0527539612627,0.123274027407,0,473.720339976,0.592150424969,2000473,2000477,f235003a520b2748afb9d846b62fab7db79616b5f3ae2993a079db5319b4cb9f,1-63:2,0-14:2,logs/aggregate-13,logs/server-13.log
14,7,2,v9,A,7,1,off,off_stats_before,1789658693771489312,1789658723774567434,29,16708572,576157.655172,0.0528188696197,1.69998219695,0,484.483623343,0.605604529179,2000510,2000514,e88c69a954ede06e663d64f6614336915fce835bcd1f951eac638ae4c26a6c8b,1-63:2,0-14:2,logs/aggregate-14,logs/server-14.log
14,7,2,v9,A,7,2,stats,stats_first,1789658727848208102,1789658757850974768,29,16491365,568667.758621,0.0535726157295,0.119170751998,0,484.488652724,0.605610815905,2000510,2000514,e88c69a954ede06e663d64f6614336915fce835bcd1f951eac638ae4c26a6c8b,1-63:2,0-14:2,logs/aggregate-14,logs/server-14.log
14,7,2,v9,A,7,3,stats,stats_second,1789658761926216450,1789658791929292027,29,16468728,567887.172414,0.0536133243563,0.0851070493573,0,479.88413598,0.599855169975,2000510,2000514,e88c69a954ede06e663d64f6614336915fce835bcd1f951eac638ae4c26a6c8b,1-63:2,0-14:2,logs/aggregate-14,logs/server-14.log
14,7,2,v9,A,7,4,off,off_stats_after,1789658796000349862,1789658826003028830,29,16484258,568422.689655,0.0535600163501,0.121251337396,0,483.290176036,0.604112720045,2000510,2000514,e88c69a954ede06e663d64f6614336915fce835bcd1f951eac638ae4c26a6c8b,1-63:2,0-14:2,logs/aggregate-14,logs/server-14.log
14,7,2,v9,A,7,5,off,off_trace_before,1789658830073939319,1789658860076908094,29,16483345,568391.206897,0.0535525657565,0.111088088896,0,482.085626541,0.602607033177,2000510,2000514,e88c69a954ede06e663d64f6614336915fce835bcd1f951eac638ae4c26a6c8b,1-63:2,0-14:2,logs/aggregate-14,logs/server-14.log
14,7,2,v9,A,7,6,trace,trace_first,1789658864313719588,1789658894316941736,29,16468136,567866.758621,0.0536243064789,0.132072284778,0,482.514842192,0.60314355274,2000510,2000514,e88c69a954ede06e663d64f6614336915fce835bcd1f951eac638ae4c26a6c8b,1-63:2,0-14:2,logs/aggregate-14,logs/server-14.log
14,7,2,v9,A,7,7,trace,trace_second,1789658898496671527,1789658928499882054,29,16490989,568654.793103,0.0535193857082,0.118781471737,0,480.64856216,0.600810702701,2000510,2000514,e88c69a954ede06e663d64f6614336915fce835bcd1f951eac638ae4c26a6c8b,1-63:2,0-14:2,logs/aggregate-14,logs/server-14.log
14,7,2,v9,A,7,8,off,off_trace_after,1789658932570239225,1789658962573180464,29,16516553,569536.310345,0.0534539402986,0.131558045966,0,484.819134368,0.606023917961,2000510,2000514,e88c69a954ede06e663d64f6614336915fce835bcd1f951eac638ae4c26a6c8b,1-63:2,0-14:2,logs/aggregate-14,logs/server-14.log
15,8,1,v9,B,8,1,off,off_trace_before,1789658992756837417,1789659022759915013,29,16624411,573255.551724,0.0530985748608,0.123397493655,0,470.685047386,0.588356309233,2000551,2000555,19189c51bbc34f596b83729d108a33ff07fd3c755749d0a6d8dcec92c04f2ef2,1-63:2,0-14:2,logs/aggregate-15,logs/server-15.log
15,8,1,v9,B,8,2,trace,trace_first,1789659026995583431,1789659056998654646,29,16397818,565442,0.0538507578874,0.635031276454,0,471.585055363,0.589481319204,2000551,2000555,19189c51bbc34f596b83729d108a33ff07fd3c755749d0a6d8dcec92c04f2ef2,1-63:2,0-14:2,logs/aggregate-15,logs/server-15.log
15,8,1,v9,B,8,3,trace,trace_second,1789659061176931571,1789659091180053418,29,16392489,565258.241379,0.0538231482724,0.183080873485,0,478.150242937,0.597687803671,2000551,2000555,19189c51bbc34f596b83729d108a33ff07fd3c755749d0a6d8dcec92c04f2ef2,1-63:2,0-14:2,logs/aggregate-15,logs/server-15.log
15,8,1,v9,B,8,4,off,off_trace_after,1789659095248745856,1789659125251708062,29,16393246,565284.344828,0.0538717534038,0.147535341375,0,479.286008537,0.599107510671,2000551,2000555,19189c51bbc34f596b83729d108a33ff07fd3c755749d0a6d8dcec92c04f2ef2,1-63:2,0-14:2,logs/aggregate-15,logs/server-15.log
15,8,1,v9,B,8,5,off,off_stats_before,1789659129323331835,1789659159326243876,29,16388052,565105.241379,0.0538788429522,0.130221601528,0,473.187401963,0.591484252454,2000551,2000555,19189c51bbc34f596b83729d108a33ff07fd3c755749d0a6d8dcec92c04f2ef2,1-63:2,0-14:2,logs/aggregate-15,logs/server-15.log
15,8,1,v9,B,8,6,stats,stats_first,1789659163400498606,1789659193403696575,29,16373860,564615.862069,0.0539433484835,0.144344031087,0,474.449424182,0.593061780227,2000551,2000555,19189c51bbc34f596b83729d108a33ff07fd3c755749d0a6d8dcec92c04f2ef2,1-63:2,0-14:2,logs/aggregate-15,logs/server-15.log
15,8,1,v9,B,8,7,stats,stats_second,1789659197478584576,1789659227481615579,29,16379049,564794.793103,0.0539185160872,0.123410287664,0,475.118663797,0.593898329746,2000551,2000555,19189c51bbc34f596b83729d108a33ff07fd3c755749d0a6d8dcec92c04f2ef2,1-63:2,0-14:2,logs/aggregate-15,logs/server-15.log
15,8,1,v9,B,8,8,off,off_stats_after,1789659231550847577,1789659261553979694,29,16389196,565144.689655,0.0538777244473,0.102895184324,0,475.350371567,0.594187964459,2000551,2000555,19189c51bbc34f596b83729d108a33ff07fd3c755749d0a6d8dcec92c04f2ef2,1-63:2,0-14:2,logs/aggregate-15,logs/server-15.log
16,8,2,v10,B,8,1,off,off_trace_before,1789659282055685897,1789659312058713944,29,16512677,569402.655172,0.0535011714939,0.138005306121,0,467.686127481,0.584607659351,2000588,2000592,2f2610a2559950719583d112fe438e9ba686155570644287b8ee6b78ce92c4bc,1-63:2,0-14:2,logs/aggregate-16,logs/server-16.log
16,8,2,v10,B,8,2,trace,trace_first,1789659316300386886,1789659346303421001,29,16493047,568725.758621,0.0535888599602,0.115719508341,0,467.319403306,0.584149254133,2000588,2000592,2f2610a2559950719583d112fe438e9ba686155570644287b8ee6b78ce92c4bc,1-63:2,0-14:2,logs/aggregate-16,logs/server-16.log
16,8,2,v10,B,8,3,trace,trace_second,1789659350498115652,1789659380501214573,29,16260055,560691.551724,0.0543236735669,1.08012656349,0,465.851878728,0.58231484841,2000588,2000592,2f2610a2559950719583d112fe438e9ba686155570644287b8ee6b78ce92c4bc,1-63:2,0-14:2,logs/aggregate-16,logs/server-16.log
16,8,2,v10,B,8,4,off,off_trace_after,1789659384571570534,1789659414574652708,29,16146022,556759.37931,0.0547483185022,0.1726254557,0,470.451666204,0.588064582754,2000588,2000592,2f2610a2559950719583d112fe438e9ba686155570644287b8ee6b78ce92c4bc,1-63:2,0-14:2,logs/aggregate-16,logs/server-16.log
16,8,2,v10,B,8,5,off,off_stats_before,1789659418645266734,1789659448648275454,29,16150289,556906.517241,0.0547494581676,0.173055221795,0,472.752587328,0.59094073416,2000588,2000592,2f2610a2559950719583d112fe438e9ba686155570644287b8ee6b78ce92c4bc,1-63:2,0-14:2,logs/aggregate-16,logs/server-16.log
16,8,2,v10,B,8,6,stats,stats_first,1789659452722727325,1789659482725938011,29,16140147,556556.793103,0.0547917546848,0.0869652396234,0,472.349447808,0.59043680976,2000588,2000592,2f2610a2559950719583d112fe438e9ba686155570644287b8ee6b78ce92c4bc,1-63:2,0-14:2,logs/aggregate-16,logs/server-16.log
16,8,2,v10,B,8,7,stats,stats_second,1789659486801591667,1789659516804515914,29,16137934,556480.482759,0.054807192482,0.11672205812,0,472.520607768,0.59065075971,2000588,2000592,2f2610a2559950719583d112fe438e9ba686155570644287b8ee6b78ce92c4bc,1-63:2,0-14:2,logs/aggregate-16,logs/server-16.log
16,8,2,v10,B,8,8,off,off_stats_after,1789659520874528370,1789659550877694295,29,16150246,556905.034483,0.0547328402923,0.0921597305455,0,472.950089183,0.591187611479,2000588,2000592,2f2610a2559950719583d112fe438e9ba686155570644287b8ee6b78ce92c4bc,1-63:2,0-14:2,logs/aggregate-16,logs/server-16.log
17,9,1,v9,A,9,1,off,off_stats_before,1789659580947523885,1789659610950697695,29,16849835,581028.793103,0.0523248148721,0.961629408966,0,485.281993572,0.606602491965,2000629,2000633,b2fc295bb22f29d3af5644fb7fa1fe91ef2ee1c2f207bf052cc48083d2994691,1-63:2,0-14:2,logs/aggregate-17,logs/server-17.log
17,9,1,v9,A,9,2,stats,stats_first,1789659615024215243,1789659645027253904,29,16739955,577239.827586,0.0527070218528,0.112484340268,0,486.984007356,0.608730009195,2000629,2000633,b2fc295bb22f29d3af5644fb7fa1fe91ef2ee1c2f207bf052cc48083d2994691,1-63:2,0-14:2,logs/aggregate-17,logs/server-17.log
17,9,1,v9,A,9,3,stats,stats_second,1789659649102415924,1789659679105568854,29,16753185,577696.034483,0.052655140142,0.108422869356,0,492.348255347,0.615435319184,2000629,2000633,b2fc295bb22f29d3af5644fb7fa1fe91ef2ee1c2f207bf052cc48083d2994691,1-63:2,0-14:2,logs/aggregate-17,logs/server-17.log
17,9,1,v9,A,9,4,off,off_stats_after,1789659683175672201,1789659713178839681,29,16751136,577625.37931,0.0526094431446,0.140124851876,0,486.315320198,0.607894150248,2000629,2000633,b2fc295bb22f29d3af5644fb7fa1fe91ef2ee1c2f207bf052cc48083d2994691,1-63:2,0-14:2,logs/aggregate-17,logs/server-17.log
17,9,1,v9,A,9,5,off,off_trace_before,1789659717249867595,1789659747252941121,29,16764814,578097.034483,0.0526106509145,0.131868282497,0,494.482673155,0.618103341444,2000629,2000633,b2fc295bb22f29d3af5644fb7fa1fe91ef2ee1c2f207bf052cc48083d2994691,1-63:2,0-14:2,logs/aggregate-17,logs/server-17.log
17,9,1,v9,A,9,6,trace,trace_first,1789659751490521198,1789659781493549227,29,16673442,574946.275862,0.0529050921819,0.109445837847,0,484.35111236,0.605438890449,2000629,2000633,b2fc295bb22f29d3af5644fb7fa1fe91ef2ee1c2f207bf052cc48083d2994691,1-63:2,0-14:2,logs/aggregate-17,logs/server-17.log
17,9,1,v9,A,9,7,trace,trace_second,1789659785672866575,1789659815675945492,29,16673190,574937.586207,0.0528919464122,0.14191954616,0,484.483610506,0.605604513132,2000629,2000633,b2fc295bb22f29d3af5644fb7fa1fe91ef2ee1c2f207bf052cc48083d2994691,1-63:2,0-14:2,logs/aggregate-17,logs/server-17.log
17,9,1,v9,A,9,8,off,off_trace_after,1789659819747888982,1789659849751084287,29,16742879,577340.655172,0.0526383604038,0.117908872298,0,485.581613955,0.606977017443,2000629,2000633,b2fc295bb22f29d3af5644fb7fa1fe91ef2ee1c2f207bf052cc48083d2994691,1-63:2,0-14:2,logs/aggregate-17,logs/server-17.log
18,9,2,v10,A,9,1,off,off_stats_before,1789659870265040741,1789659900268072365,29,16877471,581981.758621,0.0522489973172,0.099624333415,0,475.818583232,0.59477322904,2000666,2000670,cba4587e214a6e0c1fa48c9dfabb7f91490954144406a6f8c839c81c5479b521,1-63:2,0-14:2,logs/aggregate-18,logs/server-18.log
18,9,2,v10,A,9,2,stats,stats_first,1789659904342106865,1789659934345103924,29,16866040,581587.586207,0.052280311976,0.133502979599,0,476.119101432,0.59514887679,2000666,2000670,cba4587e214a6e0c1fa48c9dfabb7f91490954144406a6f8c839c81c5479b521,1-63:2,0-14:2,logs/aggregate-18,logs/server-18.log
18,9,2,v10,A,9,3,stats,stats_second,1789659938420324487,1789659968423204388,29,16872451,581808.655172,0.0522832768043,0.12408515624,0,479.253993198,0.599067491498,2000666,2000670,cba4587e214a6e0c1fa48c9dfabb7f91490954144406a6f8c839c81c5479b521,1-63:2,0-14:2,logs/aggregate-18,logs/server-18.log
18,9,2,v10,A,9,4,off,off_stats_after,1789659972495626283,1789660002498602197,29,16885686,582265.034483,0.0522281708898,0.141015675911,0,478.185898663,0.597732373329,2000666,2000670,cba4587e214a6e0c1fa48c9dfabb7f91490954144406a6f8c839c81c5479b521,1-63:2,0-14:2,logs/aggregate-18,logs/server-18.log
18,9,2,v10,A,9,5,off,off_trace_before,1789660006569352099,1789660036572310000,29,16491343,568667,0.0535489694199,1.73500839818,0,476.453023304,0.59556627913,2000666,2000670,cba4587e214a6e0c1fa48c9dfabb7f91490954144406a6f8c839c81c5479b521,1-63:2,0-14:2,logs/aggregate-18,logs/server-18.log
18,9,2,v10,A,9,6,trace,trace_first,1789660040809752511,1789660070812912295,29,16276375,561254.310345,0.0542704148805,0.103368716258,0,470.850407147,0.588563008934,2000666,2000670,cba4587e214a6e0c1fa48c9dfabb7f91490954144406a6f8c839c81c5479b521,1-63:2,0-14:2,logs/aggregate-18,logs/server-18.log
18,9,2,v10,A,9,7,trace,trace_second,1789660074993625171,1789660104996847181,29,16295049,561898.241379,0.0542073599779,0.138801126404,0,474.782341552,0.593477926939,2000666,2000670,cba4587e214a6e0c1fa48c9dfabb7f91490954144406a6f8c839c81c5479b521,1-63:2,0-14:2,logs/aggregate-18,logs/server-18.log
18,9,2,v10,A,9,8,off,off_trace_after,1789660109065364135,1789660139068425914,29,16325062,562933.172414,0.0540836641233,0.131933775979,0,474.351588009,0.592939485011,2000666,2000670,cba4587e214a6e0c1fa48c9dfabb7f91490954144406a6f8c839c81c5479b521,1-63:2,0-14:2,logs/aggregate-18,logs/server-18.log
19,10,1,v10,A,10,1,off,off_stats_before,1789660169315616089,1789660199318624233,29,15894974,548102.551724,0.0557087960635,0.13161842898,0,450.254852286,0.562818565357,2000707,2000711,28fe5a431bc5f9dda687116bc8c2cd52c10c840f96772ad9427d8a18e56b7ae0,1-63:2,0-14:2,logs/aggregate-19,logs/server-19.log
19,10,1,v10,A,10,2,stats,stats_first,1789660203395577442,1789660233398649522,29,15874848,547408.551724,0.0558390840026,0.101003748196,0,448.92069599,0.561150869988,2000707,2000711,28fe5a431bc5f9dda687116bc8c2cd52c10c840f96772ad9427d8a18e56b7ae0,1-63:2,0-14:2,logs/aggregate-19,logs/server-19.log
19,10,1,v10,A,10,3,stats,stats_second,1789660237476882558,1789660267479858738,29,15875008,547414.068966,0.0558355154215,0.0787760544544,0,449.62206146,0.562027576826,2000707,2000711,28fe5a431bc5f9dda687116bc8c2cd52c10c840f96772ad9427d8a18e56b7ae0,1-63:2,0-14:2,logs/aggregate-19,logs/server-19.log
19,10,1,v10,A,10,4,off,off_stats_after,1789660271552329718,1789660301555263849,29,15885991,547792.793103,0.055770470536,0.120109645827,0,451.589165941,0.564486457426,2000707,2000711,28fe5a431bc5f9dda687116bc8c2cd52c10c840f96772ad9427d8a18e56b7ae0,1-63:2,0-14:2,logs/aggregate-19,logs/server-19.log
19,10,1,v10,A,10,5,off,off_trace_before,1789660305627613986,1789660335630412376,29,15879952,547584.551724,0.0557966796751,0.0911233437169,0,450.657962775,0.563322453469,2000707,2000711,28fe5a431bc5f9dda687116bc8c2cd52c10c840f96772ad9427d8a18e56b7ae0,1-63:2,0-14:2,logs/aggregate-19,logs/server-19.log
19,10,1,v10,A,10,6,trace,trace_first,1789660339872137312,1789660369874940989,29,15686701,540920.724138,0.0564893857542,0.533948479364,0,450.49123227,0.563114040337,2000707,2000711,28fe5a431bc5f9dda687116bc8c2cd52c10c840f96772ad9427d8a18e56b7ae0,1-63:2,0-14:2,logs/aggregate-19,logs/server-19.log
19,10,1,v10,A,10,7,trace,trace_second,1789660374058730748,1789660404061637952,29,15641663,539367.689655,0.0566615572781,0.084357413623,0,451.389590613,0.564236988266,2000707,2000711,28fe5a431bc5f9dda687116bc8c2cd52c10c840f96772ad9427d8a18e56b7ae0,1-63:2,0-14:2,logs/aggregate-19,logs/server-19.log
19,10,1,v10,A,10,8,off,off_trace_after,1789660408132664021,1789660438135716232,29,15650250,539663.793103,0.0566036548937,0.116864175252,0,451.154099417,0.563942624271,2000707,2000711,28fe5a431bc5f9dda687116bc8c2cd52c10c840f96772ad9427d8a18e56b7ae0,1-63:2,0-14:2,logs/aggregate-19,logs/server-19.log
20,10,2,v9,A,10,1,off,off_stats_before,1789660458639886971,1789660488642950569,29,16917632,583366.62069,0.0520689111218,0.374419690421,0,475.551436719,0.594439295899,2000744,2000748,6b02d368c3010212a9bc76fb908de85e5ece27189666116a70ec587ed12fcc9a,1-63:2,0-14:2,logs/aggregate-20,logs/server-20.log
20,10,2,v9,A,10,2,stats,stats_first,1789660492717723263,1789660522720619283,29,16575792,571579.034483,0.0531614242022,0.115339599146,0,481.220212555,0.601525265693,2000744,2000748,6b02d368c3010212a9bc76fb908de85e5ece27189666116a70ec587ed12fcc9a,1-63:2,0-14:2,logs/aggregate-20,logs/server-20.log
20,10,2,v9,A,10,3,stats,stats_second,1789660526795658522,1789660556798854896,29,16568954,571343.241379,0.0532012423959,0.159752501902,0,477.649108494,0.597061385617,2000744,2000748,6b02d368c3010212a9bc76fb908de85e5ece27189666116a70ec587ed12fcc9a,1-63:2,0-14:2,logs/aggregate-20,logs/server-20.log
20,10,2,v9,A,10,4,off,off_stats_after,1789660560868066192,1789660590871209889,29,16609543,572742.862069,0.0530995693861,0.193414716782,0,484.615883817,0.605769854771,2000744,2000748,6b02d368c3010212a9bc76fb908de85e5ece27189666116a70ec587ed12fcc9a,1-63:2,0-14:2,logs/aggregate-20,logs/server-20.log
20,10,2,v9,A,10,5,off,off_trace_before,1789660594942453124,1789660624944886903,29,16608242,572698,0.0531223334173,0.112362939149,0,485.227302133,0.606534127666,2000744,2000748,6b02d368c3010212a9bc76fb908de85e5ece27189666116a70ec587ed12fcc9a,1-63:2,0-14:2,logs/aggregate-20,logs/server-20.log
20,10,2,v9,A,10,6,trace,trace_first,1789660629185459152,1789660659188367198,29,16555847,570891.275862,0.0532604386233,0.104815223057,0,476.720455833,0.595900569791,2000744,2000748,6b02d368c3010212a9bc76fb908de85e5ece27189666116a70ec587ed12fcc9a,1-63:2,0-14:2,logs/aggregate-20,logs/server-20.log
20,10,2,v9,A,10,7,trace,trace_second,1789660663365867977,1789660693369079800,29,16555561,570881.413793,0.0532486932337,0.12070795562,0,478.082149492,0.597602686865,2000744,2000748,6b02d368c3010212a9bc76fb908de85e5ece27189666116a70ec587ed12fcc9a,1-63:2,0-14:2,logs/aggregate-20,logs/server-20.log
20,10,2,v9,A,10,8,off,off_trace_after,1789660697439517842,1789660727442538853,29,16593684,572196,0.0531053252551,0.153417861354,0,480.551608277,0.600689510346,2000744,2000748,6b02d368c3010212a9bc76fb908de85e5ece27189666116a70ec587ed12fcc9a,1-63:2,0-14:2,logs/aggregate-20,logs/server-20.log
21,11,1,v9,B,11,1,off,off_trace_before,1789660757184178712,1789660787187054900,29,16953677,584609.551724,0.0519804687207,1.00119663484,0,480.78723885,0.600984048563,2000785,2000789,e97d9a3c34684255e9c5cd183c96b36d16d0d9983a6eee037fa7434cf8e44862,1-63:2,0-14:2,logs/aggregate-21,logs/server-21.log
21,11,1,v9,B,11,2,trace,trace_first,1789660791422895674,1789660821426057663,29,16653851,574270.724138,0.0529607935726,0.157032753428,0,480.98263794,0.601228297425,2000785,2000789,e97d9a3c34684255e9c5cd183c96b36d16d0d9983a6eee037fa7434cf8e44862,1-63:2,0-14:2,logs/aggregate-21,logs/server-21.log
21,11,1,v9,B,11,3,trace,trace_second,1789660825605969623,1789660855609064761,29,16652892,574237.655172,0.0529712625291,0.0755212678064,0,479.017245851,0.598771557313,2000785,2000789,e97d9a3c34684255e9c5cd183c96b36d16d0d9983a6eee037fa7434cf8e44862,1-63:2,0-14:2,logs/aggregate-21,logs/server-21.log
21,11,1,v9,B,11,4,off,off_trace_after,1789660859679757531,1789660889682870680,29,16759354,577908.758621,0.0526450991488,0.119029629601,0,489.349219432,0.61168652429,2000785,2000789,e97d9a3c34684255e9c5cd183c96b36d16d0d9983a6eee037fa7434cf8e44862,1-63:2,0-14:2,logs/aggregate-21,logs/server-21.log
21,11,1,v9,B,11,5,off,off_stats_before,1789660893753426804,1789660923756130939,29,16770394,578289.448276,0.0526429952689,0.10856130434,0,491.522361906,0.614402952382,2000785,2000789,e97d9a3c34684255e9c5cd183c96b36d16d0d9983a6eee037fa7434cf8e44862,1-63:2,0-14:2,logs/aggregate-21,logs/server-21.log
21,11,1,v9,B,11,6,stats,stats_first,1789660927830847828,1789660957834016550,29,16767609,578193.413793,0.0525793965615,0.132501660983,0,485.648703809,0.607060879761,2000785,2000789,e97d9a3c34684255e9c5cd183c96b36d16d0d9983a6eee037fa7434cf8e44862,1-63:2,0-14:2,logs/aggregate-21,logs/server-21.log
21,11,1,v9,B,11,7,stats,stats_second,1789660961909731481,1789660991912912372,29,16773395,578392.931034,0.0525701557735,0.121427744024,0,486.248443223,0.607810554029,2000785,2000789,e97d9a3c34684255e9c5cd183c96b36d16d0d9983a6eee037fa7434cf8e44862,1-63:2,0-14:2,logs/aggregate-21,logs/server-21.log
21,11,1,v9,B,11,8,off,off_stats_after,1789660995983071335,1789661025986290340,29,16739333,577218.37931,0.0527064219345,0.170958116053,0,483.481455693,0.604351819616,2000785,2000789,e97d9a3c34684255e9c5cd183c96b36d16d0d9983a6eee037fa7434cf8e44862,1-63:2,0-14:2,logs/aggregate-21,logs/server-21.log
22,11,2,v10,B,11,1,off,off_trace_before,1789661046495775691,1789661076498915004,29,16612044,572829.103448,0.0531549847207,0.129925382974,0,471.184026862,0.588980033577,2000822,2000826,ec426df7d746eeeb0310c3b8073b022846e88c7dd66999e8b3038b46d8ea070d,1-63:2,0-14:2,logs/aggregate-22,logs/server-22.log
22,11,2,v10,B,11,2,trace,trace_first,1789661080737097193,1789661110740234187,29,16394669,565333.413793,0.0538529296322,0.121186095954,0,480.116462585,0.600145578231,2000822,2000826,ec426df7d746eeeb0310c3b8073b022846e88c7dd66999e8b3038b46d8ea070d,1-63:2,0-14:2,logs/aggregate-22,logs/server-22.log
22,11,2,v10,B,11,3,trace,trace_second,1789661114918996986,1789661144922189263,29,16384743,564991.137931,0.0538946931911,0.0929576575532,0,476.882588623,0.596103235778,2000822,2000826,ec426df7d746eeeb0310c3b8073b022846e88c7dd66999e8b3038b46d8ea070d,1-63:2,0-14:2,logs/aggregate-22,logs/server-22.log
22,11,2,v10,B,11,4,off,off_trace_after,1789661148993003890,1789661178996016160,29,16403891,565651.413793,0.0537985071347,0.117594789376,0,478.651939037,0.598314923797,2000822,2000826,ec426df7d746eeeb0310c3b8073b022846e88c7dd66999e8b3038b46d8ea070d,1-63:2,0-14:2,logs/aggregate-22,logs/server-22.log
22,11,2,v10,B,11,5,off,off_stats_before,1789661183067126015,1789661213069989099,29,16395959,565377.896552,0.0538363263167,0.0954292468115,0,476.554519479,0.595693149349,2000822,2000826,ec426df7d746eeeb0310c3b8073b022846e88c7dd66999e8b3038b46d8ea070d,1-63:2,0-14:2,logs/aggregate-22,logs/server-22.log
22,11,2,v10,B,11,6,stats,stats_first,1789661217144137987,1789661247147219402,29,16393372,565288.689655,0.0538503576933,0.143325274609,0,476.217752516,0.595272190645,2000822,2000826,ec426df7d746eeeb0310c3b8073b022846e88c7dd66999e8b3038b46d8ea070d,1-63:2,0-14:2,logs/aggregate-22,logs/server-22.log
22,11,2,v10,B,11,7,stats,stats_second,1789661251221852036,1789661281224982737,29,16417575,566123.275862,0.0537221099949,0.141194668108,0,473.950540086,0.592438175107,2000822,2000826,ec426df7d746eeeb0310c3b8073b022846e88c7dd66999e8b3038b46d8ea070d,1-63:2,0-14:2,logs/aggregate-22,logs/server-22.log
22,11,2,v10,B,11,8,off,off_stats_after,1789661285295580138,1789661315298495186,29,16408096,565796.413793,0.0537971223474,0.129096183531,0,475.787101925,0.594733877407,2000822,2000826,ec426df7d746eeeb0310c3b8073b022846e88c7dd66999e8b3038b46d8ea070d,1-63:2,0-14:2,logs/aggregate-22,logs/server-22.log
23,12,1,v10,B,12,1,off,off_trace_before,1789661345258046882,1789661375261102744,29,16637539,573708.241379,0.0530952298294,0.0920132762195,0,472.885164273,0.591106455342,2000863,2000867,359457395c28177a639200483cb238756a35f10e6852453e576a36a4e47893a5,1-63:2,0-14:2,logs/aggregate-23,logs/server-23.log
23,12,1,v10,B,12,2,trace,trace_first,1789661379500637102,1789661409503729554,29,16579519,571707.551724,0.0532499292048,0.087750337587,0,469.218298831,0.586522873539,2000863,2000867,359457395c28177a639200483cb238756a35f10e6852453e576a36a4e47893a5,1-63:2,0-14:2,logs/aggregate-23,logs/server-23.log
23,12,1,v10,B,12,3,trace,trace_second,1789661413681623978,1789661443684803347,29,16578540,571673.793103,0.053254740345,0.113853849829,0,468.517013718,0.585646267147,2000863,2000867,359457395c28177a639200483cb238756a35f10e6852453e576a36a4e47893a5,1-63:2,0-14:2,logs/aggregate-23,logs/server-23.log
23,12,1,v10,B,12,4,off,off_trace_after,1789661447753659010,1789661477756784897,29,16580242,571732.482759,0.0532780499826,0.129825332451,0,468.017900964,0.585022376205,2000863,2000867,359457395c28177a639200483cb238756a35f10e6852453e576a36a4e47893a5,1-63:2,0-14:2,logs/aggregate-23,logs/server-23.log
23,12,1,v10,B,12,5,off,off_stats_before,1789661481828676149,1789661511831661648,29,16590958,572102,0.053271709747,0.109387575227,0,470.38652205,0.587983152563,2000863,2000867,359457395c28177a639200483cb238756a35f10e6852453e576a36a4e47893a5,1-63:2,0-14:2,logs/aggregate-23,logs/server-23.log
23,12,1,v10,B,12,6,stats,stats_first,1789661515908132171,1789661545911205168,29,16594872,572236.965517,0.0533107508151,0.122774185704,0,476.017906613,0.595022383267,2000863,2000867,359457395c28177a639200483cb238756a35f10e6852453e576a36a4e47893a5,1-63:2,0-14:2,logs/aggregate-23,logs/server-23.log
23,12,1,v10,B,12,7,stats,stats_second,1789661549985781511,1789661579988696299,29,16584657,571884.724138,0.0532743632262,0.103389462999,0,470.887582084,0.588609477605,2000863,2000867,359457395c28177a639200483cb238756a35f10e6852453e576a36a4e47893a5,1-63:2,0-14:2,logs/aggregate-23,logs/server-23.log
23,12,1,v10,B,12,8,off,off_stats_after,1789661584058368360,1789661614061459480,29,16589821,572062.793103,0.0532628160967,0.122912896862,0,471.284773407,0.589105966759,2000863,2000867,359457395c28177a639200483cb238756a35f10e6852453e576a36a4e47893a5,1-63:2,0-14:2,logs/aggregate-23,logs/server-23.log
24,12,2,v9,B,12,1,off,off_trace_before,1789661634573857003,1789661664577051656,29,16371153,564522.517241,0.0539801999285,1.10752380046,0,469.683317493,0.587104146866,2000900,2000904,7cb66e727e01752760dd47008ec8da0aa5f5973cf685e02994b72d787c224f57,1-63:2,0-14:2,logs/aggregate-24,logs/server-24.log
24,12,2,v9,B,12,2,trace,trace_first,1789661668815202179,1789661698818256077,29,16063415,553910.862069,0.0550591872899,0.106166980294,0,465.985897553,0.582482371942,2000900,2000904,7cb66e727e01752760dd47008ec8da0aa5f5973cf685e02994b72d787c224f57,1-63:2,0-14:2,logs/aggregate-24,logs/server-24.log
24,12,2,v9,B,12,3,trace,trace_second,1789661703000560644,1789661733003659804,29,16072310,554217.586207,0.0550293293248,0.0790469044806,0,467.651689086,0.584564611358,2000900,2000904,7cb66e727e01752760dd47008ec8da0aa5f5973cf685e02994b72d787c224f57,1-63:2,0-14:2,logs/aggregate-24,logs/server-24.log
24,12,2,v9,B,12,4,off,off_trace_after,1789661737074920317,1789661767077862898,29,16087660,554746.896552,0.0549745143172,0.113842342829,0,467.88744011,0.584859300138,2000900,2000904,7cb66e727e01752760dd47008ec8da0aa5f5973cf685e02994b72d787c224f57,1-63:2,0-14:2,logs/aggregate-24,logs/server-24.log
24,12,2,v9,B,12,5,off,off_stats_before,1789661771148627026,1789661801151575885,29,16072828,554235.448276,0.0550353938336,0.0859282738818,0,466.720790207,0.583400987758,2000900,2000904,7cb66e727e01752760dd47008ec8da0aa5f5973cf685e02994b72d787c224f57,1-63:2,0-14:2,logs/aggregate-24,logs/server-24.log
24,12,2,v9,B,12,6,stats,stats_first,1789661805226844374,1789661835230102310,29,16077004,554379.448276,0.0550014463516,0.11274574377,0,467.482565724,0.584353207155,2000900,2000904,7cb66e727e01752760dd47008ec8da0aa5f5973cf685e02994b72d787c224f57,1-63:2,0-14:2,logs/aggregate-24,logs/server-24.log
24,12,2,v9,B,12,7,stats,stats_second,1789661839305361917,1789661869308349264,29,16092097,554899.896552,0.0549416084802,0.136424729031,0,467.420121797,0.584275152246,2000900,2000904,7cb66e727e01752760dd47008ec8da0aa5f5973cf685e02994b72d787c224f57,1-63:2,0-14:2,logs/aggregate-24,logs/server-24.log
24,12,2,v9,B,12,8,off,off_stats_after,1789661873378460308,1789661903381387241,29,16084951,554653.482759,0.0549806747935,0.148769428695,0,465.821219083,0.582276523854,2000900,2000904,7cb66e727e01752760dd47008ec8da0aa5f5973cf685e02994b72d787c224f57,1-63:2,0-14:2,logs/aggregate-24,logs/server-24.log
25,13,1,v9,B,13,1,off,off_trace_before,1789661933212507640,1789661963215461855,29,16859956,581377.793103,0.0523469047606,0.109888959179,0,480.319367777,0.600399209722,2000941,2000945,9d98e24c56ee945b1f6e6afcc3736a4321975a175657767d94c520cedb44550f,1-63:2,0-14:2,logs/aggregate-25,logs/server-25.log
25,13,1,v9,B,13,2,trace,trace_first,1789661967452550888,1789661997455450401,29,16462881,567685.551724,0.053646124029,2.43354149356,0,471.587754173,0.589484692716,2000941,2000945,9d98e24c56ee945b1f6e6afcc3736a4321975a175657767d94c520cedb44550f,1-63:2,0-14:2,logs/aggregate-25,logs/server-25.log
25,13,1,v9,B,13,3,trace,trace_second,1789662001637890251,1789662031641010351,29,16060101,553796.586207,0.0550601872927,0.133040804183,0,469.251196311,0.586563995389,2000941,2000945,9d98e24c56ee945b1f6e6afcc3736a4321975a175657767d94c520cedb44550f,1-63:2,0-14:2,logs/aggregate-25,logs/server-25.log
25,13,1,v9,B,13,4,off,off_trace_after,1789662035711459284,1789662065714385720,29,16082529,554569.965517,0.0549744972324,0.12517183504,0,467.854361805,0.584817952256,2000941,2000945,9d98e24c56ee945b1f6e6afcc3736a4321975a175657767d94c520cedb44550f,1-63:2,0-14:2,logs/aggregate-25,logs/server-25.log
25,13,1,v9,B,13,5,off,off_stats_before,1789662069788075847,1789662099791067371,29,16100237,555180.586207,0.0549181587824,0.101930083519,0,467.253406674,0.584066758342,2000941,2000945,9d98e24c56ee945b1f6e6afcc3736a4321975a175657767d94c520cedb44550f,1-63:2,0-14:2,logs/aggregate-25,logs/server-25.log
25,13,1,v9,B,13,6,stats,stats_first,1789662103866661810,1789662133869735330,29,16092005,554896.724138,0.0549524022022,0.100573714796,0,468.485336698,0.585606670873,2000941,2000945,9d98e24c56ee945b1f6e6afcc3736a4321975a175657767d94c520cedb44550f,1-63:2,0-14:2,logs/aggregate-25,logs/server-25.log
25,13,1,v9,B,13,7,stats,stats_second,1789662137946689731,1789662167949737851,29,16111980,555585.517241,0.054913886127,0.121940616084,0,474.685103428,0.593356379285,2000941,2000945,9d98e24c56ee945b1f6e6afcc3736a4321975a175657767d94c520cedb44550f,1-63:2,0-14:2,logs/aggregate-25,logs/server-25.log
25,13,1,v9,B,13,8,off,off_stats_after,1789662172020635969,1789662202023834616,29,16118575,555812.931034,0.0548810262073,0.104000248635,0,474.549402799,0.593186753499,2000941,2000945,9d98e24c56ee945b1f6e6afcc3736a4321975a175657767d94c520cedb44550f,1-63:2,0-14:2,logs/aggregate-25,logs/server-25.log
26,13,2,v10,B,13,1,off,off_trace_before,1789662222521942572,1789662252525065485,29,16462044,567656.689655,0.0536517718577,0.123698556602,0,469.151162724,0.586438953406,2000978,2000982,8a1545934e5f37fd9158994c5d424bdbb9e782f102498884b25736ef384b95a4,1-63:2,0-14:2,logs/aggregate-26,logs/server-26.log
26,13,2,v10,B,13,2,trace,trace_first,1789662256761694279,1789662286764889769,29,16455811,567441.758621,0.0536377850353,0.0905259779536,0,465.117124096,0.58139640512,2000978,2000982,8a1545934e5f37fd9158994c5d424bdbb9e782f102498884b25736ef384b95a4,1-63:2,0-14:2,logs/aggregate-26,logs/server-26.log
26,13,2,v10,B,13,3,trace,trace_second,1789662290944697143,1789662320947903062,29,16313789,562544.448276,0.0541508252926,1.24769029279,0,468.316620495,0.585395775619,2000978,2000982,8a1545934e5f37fd9158994c5d424bdbb9e782f102498884b25736ef384b95a4,1-63:2,0-14:2,logs/aggregate-26,logs/server-26.log
26,13,2,v10,B,13,4,off,off_trace_after,1789662325019783796,1789662355022703469,29,16036537,552984.034483,0.0551509633283,0.116498379095,0,469.187670848,0.586484588559,2000978,2000982,8a1545934e5f37fd9158994c5d424bdbb9e782f102498884b25736ef384b95a4,1-63:2,0-14:2,logs/aggregate-26,logs/server-26.log
26,13,2,v10,B,13,5,off,off_stats_before,1789662359094260233,1789662389097348504,29,16029470,552740.344828,0.0551830210855,0.0800774521652,0,467.885168127,0.584856460158,2000978,2000982,8a1545934e5f37fd9158994c5d424bdbb9e782f102498884b25736ef384b95a4,1-63:2,0-14:2,logs/aggregate-26,logs/server-26.log
26,13,2,v10,B,13,6,stats,stats_first,1789662393172769540,1789662423175657605,29,16020722,552438.689655,0.0551769008288,0.118535353549,0,464.888579052,0.581110723815,2000978,2000982,8a1545934e5f37fd9158994c5d424bdbb9e782f102498884b25736ef384b95a4,1-63:2,0-14:2,logs/aggregate-26,logs/server-26.log
26,13,2,v10,B,13,7,stats,stats_second,1789662427250716087,1789662457253940620,29,16027939,552687.551724,0.0551761607653,0.102087502157,0,464.150111088,0.58018763886,2000978,2000982,8a1545934e5f37fd9158994c5d424bdbb9e782f102498884b25736ef384b95a4,1-63:2,0-14:2,logs/aggregate-26,logs/server-26.log
26,13,2,v10,B,13,8,off,off_stats_after,1789662461324677912,1789662491327923769,29,16030143,552763.551724,0.0551858433827,0.105715977505,0,467.016137747,0.583770172183,2000978,2000982,8a1545934e5f37fd9158994c5d424bdbb9e782f102498884b25736ef384b95a4,1-63:2,0-14:2,logs/aggregate-26,logs/server-26.log
27,14,1,v9,A,14,1,off,off_stats_before,1789662521138744793,1789662551141860070,29,16685126,575349.172414,0.0528956884113,0.151115985336,0,476.750493005,0.595938116256,2001019,2001023,8a9706e2ea59980160fb1116c29c62204670c415aad81b6944e28c4faa286176,1-63:2,0-14:2,logs/aggregate-27,logs/server-27.log
27,14,1,v9,A,14,2,stats,stats_first,1789662555215486183,1789662585218618121,29,16677331,575080.37931,0.0528761298795,0.103809114001,0,472.484006979,0.590605008724,2001019,2001023,8a9706e2ea59980160fb1116c29c62204670c415aad81b6944e28c4faa286176,1-63:2,0-14:2,logs/aggregate-27,logs/server-27.log
27,14,1,v9,A,14,3,stats,stats_second,1789662589291807203,1789662619294890785,29,16685868,575374.758621,0.0528816554824,0.139064708475,0,474.217923672,0.592772404589,2001019,2001023,8a9706e2ea59980160fb1116c29c62204670c415aad81b6944e28c4faa286176,1-63:2,0-14:2,logs/aggregate-27,logs/server-27.log
27,14,1,v9,A,14,4,off,off_stats_after,1789662623365669557,1789662653368889359,29,16566198,571248.206897,0.0532608955899,0.757031782184,0,478.648628206,0.598310785258,2001019,2001023,8a9706e2ea59980160fb1116c29c62204670c415aad81b6944e28c4faa286176,1-63:2,0-14:2,logs/aggregate-27,logs/server-27.log
27,14,1,v9,A,14,5,off,off_trace_before,1789662657439794988,1789662687442729781,29,16425587,566399.551724,0.0537473438849,0.127973380197,0,480.719639579,0.600899549474,2001019,2001023,8a9706e2ea59980160fb1116c29c62204670c415aad81b6944e28c4faa286176,1-63:2,0-14:2,logs/aggregate-27,logs/server-27.log
27,14,1,v9,A,14,6,trace,trace_first,1789662691678774224,1789662721681944286,29,16415416,566048.827586,0.0537563071201,0.117681783936,0,476.616303226,0.595770379032,2001019,2001023,8a9706e2ea59980160fb1116c29c62204670c415aad81b6944e28c4faa286176,1-63:2,0-14:2,logs/aggregate-27,logs/server-27.log
27,14,1,v9,A,14,7,trace,trace_second,1789662725862038648,1789662755865115976,29,16431261,566595.206897,0.0537194104579,0.104905590274,0,479.18417977,0.598980224713,2001019,2001023,8a9706e2ea59980160fb1116c29c62204670c415aad81b6944e28c4faa286176,1-63:2,0-14:2,logs/aggregate-27,logs/server-27.log
27,14,1,v9,A,14,8,off,off_trace_after,1789662759935861886,1789662789938976284,29,16414573,566019.758621,0.0537695023806,0.12686435686,0,476.117239381,0.595146549226,2001019,2001023,8a9706e2ea59980160fb1116c29c62204670c415aad81b6944e28c4faa286176,1-63:2,0-14:2,logs/aggregate-27,logs/server-27.log
28,14,2,v10,A,14,1,off,off_stats_before,1789662810450971756,1789662840453882507,29,16347026,563690.551724,0.0540860900937,0.107351109459,0,468.921169575,0.586151461968,2001056,2001060,3e7e8d038c65f25e74d07c6ec862fab7d5d2b762928cf8086f8914b40ab1512d,1-63:2,0-14:2,logs/aggregate-28,logs/server-28.log
28,14,2,v10,A,14,2,stats,stats_first,1789662844528441853,1789662874531567013,29,16295822,561924.896552,0.0542429117107,0.109908170038,0,466.918026882,0.583647533602,2001056,2001060,3e7e8d038c65f25e74d07c6ec862fab7d5d2b762928cf8086f8914b40ab1512d,1-63:2,0-14:2,logs/aggregate-28,logs/server-28.log
28,14,2,v10,A,14,3,stats,stats_second,1789662878609173767,1789662908612103314,29,16290104,561727.724138,0.0542654908772,0.130122991397,0,467.654332822,0.584567916027,2001056,2001060,3e7e8d038c65f25e74d07c6ec862fab7d5d2b762928cf8086f8914b40ab1512d,1-63:2,0-14:2,logs/aggregate-28,logs/server-28.log
28,14,2,v10,A,14,4,off,off_stats_after,1789662912682822881,1789662942685826628,29,16337270,563354.137931,0.0540791953613,0.147442720498,0,465.253416548,0.581566770685,2001056,2001060,3e7e8d038c65f25e74d07c6ec862fab7d5d2b762928cf8086f8914b40ab1512d,1-63:2,0-14:2,logs/aggregate-28,logs/server-28.log
28,14,2,v10,A,14,5,off,off_trace_before,1789662946758143515,1789662976761257193,29,16187188,558178.896552,0.0546001827495,1.20943384365,0,464.951743,0.581189678749,2001056,2001060,3e7e8d038c65f25e74d07c6ec862fab7d5d2b762928cf8086f8914b40ab1512d,1-63:2,0-14:2,logs/aggregate-28,logs/server-28.log
28,14,2,v10,A,14,6,trace,trace_first,1789662980999592091,1789663011002715599,30,16332547,544418.233333,0.0560492630451,0.105008605168,0,458.81889585,0.573523619813,2001056,2001060,3e7e8d038c65f25e74d07c6ec862fab7d5d2b762928cf8086f8914b40ab1512d,1-63:2,0-14:2,logs/aggregate-28,logs/server-28.log
28,14,2,v10,A,14,7,trace,trace_second,1789663015185641907,1789663045188629676,29,15793060,544588.275862,0.0560401280689,0.108601605395,0,460.320822257,0.575401027822,2001056,2001060,3e7e8d038c65f25e74d07c6ec862fab7d5d2b762928cf8086f8914b40ab1512d,1-63:2,0-14:2,logs/aggregate-28,logs/server-28.log
28,14,2,v10,A,14,8,off,off_trace_after,1789663049258102061,1789663079261163186,29,15905866,548478.137931,0.0556283982274,0.134071172227,0,464.385948552,0.58048243569,2001056,2001060,3e7e8d038c65f25e74d07c6ec862fab7d5d2b762928cf8086f8914b40ab1512d,1-63:2,0-14:2,logs/aggregate-28,logs/server-28.log
29,15,1,v10,B,15,1,off,off_trace_before,1789663109138075259,1789663139141098253,29,16177521,557845.551724,0.0546462553812,0.097340675406,0,463.886589121,0.579858236401,2001097,2001101,a0abf22e36c657c1862aea087d02bdac04efee50414bc252d5390a66f9037c15,1-63:2,0-14:2,logs/aggregate-29,logs/server-29.log
29,15,1,v10,B,15,2,trace,trace_first,1789663143379051584,1789663173382183062,29,16169985,557585.689655,0.0547023959515,0.070584361847,0,464.018231237,0.580022789047,2001097,2001101,a0abf22e36c657c1862aea087d02bdac04efee50414bc252d5390a66f9037c15,1-63:2,0-14:2,logs/aggregate-29,logs/server-29.log
29,15,1,v10,B,15,3,trace,trace_second,1789663177565179386,1789663207567806412,29,16172667,557678.172414,0.0546764917623,0.095860264551,0,463.959372222,0.579949215278,2001097,2001101,a0abf22e36c657c1862aea087d02bdac04efee50414bc252d5390a66f9037c15,1-63:2,0-14:2,logs/aggregate-29,logs/server-29.log
29,15,1,v10,B,15,4,off,off_trace_after,1789663211638539712,1789663241641650545,29,16180644,557953.241379,0.0546689615691,0.0959199963452,0,465.485065123,0.581856331404,2001097,2001101,a0abf22e36c657c1862aea087d02bdac04efee50414bc252d5390a66f9037c15,1-63:2,0-14:2,logs/aggregate-29,logs/server-29.log
29,15,1,v10,B,15,5,off,off_stats_before,1789663245713726677,1789663275716706143,29,16180215,557938.448276,0.0546712816239,0.0863135882868,0,465.45377321,0.581817216513,2001097,2001101,a0abf22e36c657c1862aea087d02bdac04efee50414bc252d5390a66f9037c15,1-63:2,0-14:2,logs/aggregate-29,logs/server-29.log
29,15,1,v10,B,15,6,stats,stats_first,1789663279790604532,1789663309793542357,29,16030280,552768.275862,0.0551751582006,0.889146308029,0,465.654399629,0.582067999536,2001097,2001101,a0abf22e36c657c1862aea087d02bdac04efee50414bc252d5390a66f9037c15,1-63:2,0-14:2,logs/aggregate-29,logs/server-29.log
29,15,1,v10,B,15,7,stats,stats_second,1789663313868485170,1789663343871331336,29,15891897,547996.448276,0.0556651704325,0.113676904514,0,468.122254878,0.585152818598,2001097,2001101,a0abf22e36c657c1862aea087d02bdac04efee50414bc252d5390a66f9037c15,1-63:2,0-14:2,logs/aggregate-29,logs/server-29.log
29,15,1,v10,B,15,8,off,off_stats_after,1789663347941639229,1789663377944773546,29,15893549,548053.413793,0.0556982404622,0.0897590590635,0,467.017873931,0.583772342414,2001097,2001101,a0abf22e36c657c1862aea087d02bdac04efee50414bc252d5390a66f9037c15,1-63:2,0-14:2,logs/aggregate-29,logs/server-29.log
30,15,2,v9,B,15,1,off,off_trace_before,1789663398403357174,1789663428406116927,29,17059231,588249.344828,0.0516480860128,0.160585935117,0,483.655507675,0.604569384594,2001134,2001138,6ceed483b153af5cb823d3cab2ae679fbad53730484bbc40e41e993061c00d2a,1-63:2,0-14:2,logs/aggregate-30,logs/server-30.log
30,15,2,v9,B,15,2,trace,trace_first,1789663432642346166,1789663462645455594,29,17042703,587679.413793,0.0517272060072,0.144451691857,0,484.316468427,0.605395585534,2001134,2001138,6ceed483b153af5cb823d3cab2ae679fbad53730484bbc40e41e993061c00d2a,1-63:2,0-14:2,logs/aggregate-30,logs/server-30.log
30,15,2,v9,B,15,3,trace,trace_second,1789663466823294113,1789663496826298014,29,17035624,587435.310345,0.0517379072818,0.139483797081,0,482.485022092,0.603106277615,2001134,2001138,6ceed483b153af5cb823d3cab2ae679fbad53730484bbc40e41e993061c00d2a,1-63:2,0-14:2,logs/aggregate-30,logs/server-30.log
30,15,2,v9,B,15,4,off,off_trace_after,1789663500894409967,1789663530897432300,29,17061400,588324.137931,0.0516626000211,0.112373598182,0,488.350801375,0.610438501719,2001134,2001138,6ceed483b153af5cb823d3cab2ae679fbad53730484bbc40e41e993061c00d2a,1-63:2,0-14:2,logs/aggregate-30,logs/server-30.log
30,15,2,v9,B,15,5,off,off_stats_before,1789663534968202179,1789663564970867899,29,17072268,588698.896552,0.0516398053264,0.156286516687,0,490.25643712,0.6128205464,2001134,2001138,6ceed483b153af5cb823d3cab2ae679fbad53730484bbc40e41e993061c00d2a,1-63:2,0-14:2,logs/aggregate-30,logs/server-30.log
30,15,2,v9,B,15,6,stats,stats_first,1789663569044894112,1789663599048030592,29,17056160,588143.448276,0.051675747296,0.110848121724,0,486.549131613,0.608186414516,2001134,2001138,6ceed483b153af5cb823d3cab2ae679fbad53730484bbc40e41e993061c00d2a,1-63:2,0-14:2,logs/aggregate-30,logs/server-30.log
30,15,2,v9,B,15,7,stats,stats_second,1789663603122808533,1789663633126015861,29,16965965,585033.275862,0.0519405548108,0.581464914824,0,489.347683382,0.611684604228,2001134,2001138,6ceed483b153af5cb823d3cab2ae679fbad53730484bbc40e41e993061c00d2a,1-63:2,0-14:2,logs/aggregate-30,logs/server-30.log
30,15,2,v9,B,15,8,off,off_stats_after,1789663637195788267,1789663667198893991,29,16871232,581766.62069,0.0522115312622,0.150093159837,0,494.282163201,0.617852704001,2001134,2001138,6ceed483b153af5cb823d3cab2ae679fbad53730484bbc40e41e993061c00d2a,1-63:2,0-14:2,logs/aggregate-30,logs/server-30.log
31,16,1,v9,B,16,1,off,off_trace_before,1789663697274314086,1789663727277252212,29,17083784,589096,0.0515563882685,0.119260863856,0,484.052593083,0.605065741354,2001175,2001179,6bafe877f092046dcfb9e9c461f742b53a0d624650177145f94e7dde14c0194c,1-63:2,0-14:2,logs/aggregate-31,logs/server-31.log
31,16,1,v9,B,16,2,trace,trace_first,1789663731513933475,1789663761517096764,29,17044121,587728.310345,0.0517200349024,0.122608684636,0,483.515683339,0.604394604173,2001175,2001179,6bafe877f092046dcfb9e9c461f742b53a0d624650177145f94e7dde14c0194c,1-63:2,0-14:2,logs/aggregate-31,logs/server-31.log
31,16,1,v9,B,16,3,trace,trace_second,1789663765693711979,1789663795696816372,29,17054762,588095.241379,0.051652894306,0.113383626422,0,485.8163945,0.607270493124,2001175,2001179,6bafe877f092046dcfb9e9c461f742b53a0d624650177145f94e7dde14c0194c,1-63:2,0-14:2,logs/aggregate-31,logs/server-31.log
31,16,1,v9,B,16,4,off,off_trace_after,1789663799765665592,1789663829768899666,29,17081824,589028.413793,0.0515738065209,0.123873919734,0,486.547548974,0.608184436218,2001175,2001179,6bafe877f092046dcfb9e9c461f742b53a0d624650177145f94e7dde14c0194c,1-63:2,0-14:2,logs/aggregate-31,logs/server-31.log
31,16,1,v9,B,16,5,off,off_stats_before,1789663833838638562,1789663863841137835,29,17053859,588064.103448,0.0516855460104,0.10426791824,0,482.993095613,0.603741369517,2001175,2001179,6bafe877f092046dcfb9e9c461f742b53a0d624650177145f94e7dde14c0194c,1-63:2,0-14:2,logs/aggregate-31,logs/server-31.log
31,16,1,v9,B,16,6,stats,stats_first,1789663867913710698,1789663897916768995,29,17031145,587280.862069,0.051748537635,0.114333857848,0,480.417691334,0.600522114167,2001175,2001179,6bafe877f092046dcfb9e9c461f742b53a0d624650177145f94e7dde14c0194c,1-63:2,0-14:2,logs/aggregate-31,logs/server-31.log
31,16,1,v9,B,16,7,stats,stats_second,1789663901991172508,1789663931994147451,29,17032788,587337.517241,0.0517748751995,0.129537882309,0,482.885448111,0.603606810138,2001175,2001179,6bafe877f092046dcfb9e9c461f742b53a0d624650177145f94e7dde14c0194c,1-63:2,0-14:2,logs/aggregate-31,logs/server-31.log
31,16,1,v9,B,16,8,off,off_stats_after,1789663936063365242,1789663966066325039,29,16820198,580006.827586,0.0524448740734,1.20629143732,0,484.185563634,0.605231954543,2001175,2001179,6bafe877f092046dcfb9e9c461f742b53a0d624650177145f94e7dde14c0194c,1-63:2,0-14:2,logs/aggregate-31,logs/server-31.log
32,16,2,v10,B,16,1,off,off_trace_before,1789663986568150115,1789664016571069737,29,16760983,577964.931034,0.0526927428421,0.158583339749,0,478.52009674,0.598150120925,2001212,2001216,8fc3cd52a21bbde9609bab71b4d411f5193a0177e950394a9c13e629a96c359e,1-63:2,0-14:2,logs/aggregate-32,logs/server-32.log
32,16,2,v10,B,16,2,trace,trace_first,1789664020808497057,1789664050811383024,29,16709161,576177.965517,0.0528668949327,0.0980639679929,0,478.453973254,0.598067466568,2001212,2001216,8fc3cd52a21bbde9609bab71b4d411f5193a0177e950394a9c13e629a96c359e,1-63:2,0-14:2,logs/aggregate-32,logs/server-32.log
32,16,2,v10,B,16,3,trace,trace_second,1789664054991444545,1789664084994568611,29,16700899,575893.068966,0.0529048064419,0.11277406293,0,477.58359991,0.596979499888,2001212,2001216,8fc3cd52a21bbde9609bab71b4d411f5193a0177e950394a9c13e629a96c359e,1-63:2,0-14:2,logs/aggregate-32,logs/server-32.log
32,16,2,v10,B,16,4,off,off_trace_after,1789664089064778048,1789664119068030514,29,16731700,576955.172414,0.0527712433285,0.123707470474,0,476.04838896,0.5950604862,2001212,2001216,8fc3cd52a21bbde9609bab71b4d411f5193a0177e950394a9c13e629a96c359e,1-63:2,0-14:2,logs/aggregate-32,logs/server-32.log
32,16,2,v10,B,16,5,off,off_stats_before,1789664123138487826,1789664153141598309,29,16722182,576626.965517,0.0527676427036,0.110592705233,0,471.817747297,0.589772184122,2001212,2001216,8fc3cd52a21bbde9609bab71b4d411f5193a0177e950394a9c13e629a96c359e,1-63:2,0-14:2,logs/aggregate-32,logs/server-32.log
32,16,2,v10,B,16,6,stats,stats_first,1789664157215772028,1789664187218926797,29,16709806,576200.206897,0.0528397728855,0.105634720451,0,473.950159891,0.592437699864,2001212,2001216,8fc3cd52a21bbde9609bab71b4d411f5193a0177e950394a9c13e629a96c359e,1-63:2,0-14:2,logs/aggregate-32,logs/server-32.log
32,16,2,v10,B,16,7,stats,stats_second,1789664191294782747,1789664221297796842,29,16720300,576562.068966,0.0528138717607,0.0933692266384,0,474.319011915,0.592898764893,2001212,2001216,8fc3cd52a21bbde9609bab71b4d411f5193a0177e950394a9c13e629a96c359e,1-63:2,0-14:2,logs/aggregate-32,logs/server-32.log
32,16,2,v10,B,16,8,off,off_stats_after,1789664225369198716,1789664255372181802,29,16743011,577345.206897,0.0527452405663,0.112318125538,0,475.152752616,0.59394094077,2001212,2001216,8fc3cd52a21bbde9609bab71b4d411f5193a0177e950394a9c13e629a96c359e,1-63:2,0-14:2,logs/aggregate-32,logs/server-32.log
